id,description,party,vendor,code,priceUnit,actualPrice,units,cost,minQty,stockQty,unitQty,orderQty,COMMENTS TEMP CELL
1,"ALCOHOL, ISOPROPYL, 70%, 16 OZ (12/CS)",GENERAL,SCHEIN,1127067, EA , $ 1.03 ,1, $ 1.03 ,2,2, EA ,0,
2,"ALCOHOL, ISOPROPYL, 70%, 16 OZ (12/CS)",GENERAL,MCKESSON,49176, EA , $ 1.47 ,1, $ 1.47 ,0,1, EA ,0,
3,"BAGS, BIOHAZARD RED, 30 GAL (200/CS)",GENERAL,SCHEIN,3984775,CS, $ 139.99 ,200, $ 0.70 ,0,0,CS,0,
4,"BAGS, BIOHAZARD RED, 30 GAL (250/CS)",GENERAL,MCKESSON,234665,CS, $ 24.07 ,250, $ 0.10 ,1,1,CS,0,
5,"BANDAGE, ADHESIVE, PLASTIC, 1 X 3, LF (100/BX)",GENERAL,MEDLINE,NON25600Z,BX, $ 2.00 ,100, $ 0.02 ,0,0,BX,0,
6,"BANDAGE, ADHESIVE, PLASTIC, 1 X 3, LF (100/BX)",GENERAL,SCHEIN,1126142,BX, $ 1.05 ,100, $ 0.01 ,1,1,BX,0,
7,"BANDAGE, ADHESIVE, PLASTIC, 1 X 3, LF (100/BX)",GENERAL,MCKESSON,16-4821,BX, $ 2.17 ,100, $ 0.02 ,0,1,BX,0,
8,"BANDAGE, ADHESIVE, PLASTIC, 2 X 4, LF (10/BX, 24/CS)",GENERAL,MEDLINE,CUR47437RB,CS, $ 13.75 ,240, $ 0.06 ,0,0,CS,0,
9,"BANDAGE, ADHESIVE, PLASTIC, 2 X 4, LF (50/BX)",GENERAL,SCHEIN,6780357,BX, $ 4.33 ,50, $ 0.09 ,0,0,BX,0,
10,"BANDAGE, ADHESIVE, PLASTIC, 2 X 4, LF (50/BX)",GENERAL,MCKESSON,16-4825,BX, $ 3.62 ,50, $ 0.07 ,1,1,BX,0,
11,"BANDAGE, ADHESIVE, PLASTIC, 3/4 X 3 (80/BX, 24/CS)",GENERAL,MEDLINE,CUR02278RB,CS, $ 33.13 ,1920, $ 0.02 ,0,0,CS,0,
12,"BANDAGE, ADHESIVE, PLASTIC, 3/4 X 3 (100/BX, 54/CS)",GENERAL,SCHEIN,1126138,BX, $ 0.90 ,100, $ 0.01 ,1,3,BX,0,
13,"BANDAGE, ADHESIVE, SPOT, 1 INCH, ROUND (100/BX)",GENERAL,SCHEIN,1553985,BX, $ 2.04 ,100, $ 0.02 ,1,3,BX,0,
14,"BANDAGE, ADHESIVE, SPOT, 1 INCH, ROUND (100/BX)",GENERAL,MCKESSON,466870,BX, $ 2.34 ,100, $ 0.02 ,0,0,BX,0,
15,"BANDAGE, CONFORMING GAUZE, 2 X 75, NS, LF (96/CS)",GENERAL,MEDLINE,NON25492,CS, $ 7.86 ,96, $ 0.08 ,0,0,CS,0,
16,"BANDAGE, CONFORMING GAUZE, 2 X 75, NS, LF (12/BX)",GENERAL,SCHEIN,1048825,BX, $ 1.54 ,12, $ 0.13 ,1,1,BX,0,
17,"BANDAGE, CONFORMING GAUZE, 2 X 75, NS, LF (12/BX)",GENERAL,MCKESSON,16-011,BX, $ 2.45 ,12, $ 0.20 ,0,0,BX,0,
18,"BANDAGE, CONFORMING GAUZE, 4 X 75, NS, LF (12/BX)",GENERAL,MEDLINE,NON25494H,BX, $ 2.21 ,12, $ 0.18 ,1,1,BX,0,
19,"BANDAGE, CONFORMING GAUZE, 4 X 75, NS, LF (12/BX)",GENERAL,SCHEIN,1042728,BX, $ 2.26 ,12, $ 0.19 ,0,0,BX,0,
20,"BANDAGE, CONFORMING GAUZE, 4 X 75, NS, LF (12/BX)",GENERAL,MCKESSON,16-013,BX, $ 3.53 ,12, $ 0.29 ,0,0,BX,0,
21,"BANDAGE, CONFORMING GAUZE, 4 X 75, NS, POLY/RAYLON (96/CS)",GENERAL,MEDLINE,PRM25494Z,CS, $ 11.27 ,96, $ 0.12 ,0,0,CS,0,
22,"BANDAGE, CONFORMING GAUZE, 4 X 75, NS, POLY/RAYLON (12/BX, 96/CS)",GENERAL,SCHEIN,2670030,BX, $ 1.49 ,12, $ 0.12 ,1,1,CS,0,
23,"BANDAGE, CONFORMING GAUZE, 4 X 75, NS, POLY/RAYLON (12/BX, 96/CS)",GENERAL,MCKESSON,993034, CS , $ 28.23 ,96, $ 0.29 ,0,0, CS ,0,
24,"CAP, 21, BLUE, BOUFFANT, SPUNBOND (500/BX)",GENERAL,MEDLINE,CRI1001,BX, $ 15.03 ,500, $ 0.03 ,0,0,BX,0,
25,"CAP, 21, BLUE, BOUFFANT, SPUNBOND (100/BX)",GENERAL,SCHEIN,1046032,BX, $ 2.96 ,100, $ 0.03 ,1,1,BX,0,
26,"CAP, 21, BLUE, BOUFFANT, SPUNBOND (100/BX)",GENERAL,MCKESSON,40171100,BX, $ 4.01 ,100, $ 0.04 ,0,0,BX,0,
27,"CATHETER, IV, SAF-T-INTIMA, 22G X .75 (25/BX)",GENERAL,MEDLINE,B-D383323Z,BX, $ 206.20 ,25, $ 8.25 ,?,0,BX,0,
28,"CATHETER, IV, SAF-T-INTIMA, 22G X .75 (25/BX)",GENERAL,SCHEIN,9870366,EA, $ 3.55 ,1, $ 3.55 ,?,0,EA,0,
29,"CATHETER, IV, SAF-T-INTIMA, 22G X .75 (25/BX)",GENERAL,MCKESSON,383323,EA, $ 3.36 ,1, $ 3.36 ,?,0,EA,0,
30,"CATHETER, IV, SAF-T-INTIMA, 24G X .75 (25/BX)",GENERAL,MEDLINE,B-D383313Z,BX, $ 203.39 ,25, $ 8.14 ,?,0,BX,0,
31,"CATHETER, IV, SAF-T-INTIMA, 24G X .75 (25/BX)",GENERAL,SCHEIN,9873762,BX, $ 88.86 ,25, $ 3.55 ,?,0,BX,0,
32,"CEFAZOLIN, 1 GM (25/BX)",GENERAL,MEDLINE,0143-9924-90,BX, $ 28.81 ,25, $ 1.15 ,?,0,BX,0,
33,"CEFAZOLIN, 1 GM (25/BX)",GENERAL,SCHEIN,1145603,BX, $ 26.31 ,25, $ 1.05 ,?,0,BX,0,
34,"CEFAZOLIN, 1 GM (25/BX)",GENERAL,MCKESSON,44567070725,BX, $ 24.98 ,25, $ 1.00 ,?,1,BX,0,
35,"CEFAZOLIN, 500 MG (25/BX)",GENERAL,MEDLINE,0143-9923-90,BX, $ 32.62 ,25, $ 1.30 ,?,0,BX,0,
36,"CEFAZOLIN, 500 MG (25/BX)",GENERAL,SCHEIN,1263092,BX, $ 28.51 ,25, $ 1.14 ,?,0,BX,0,
37,"CEFAZOLIN, 500 MG (25/BX)",GENERAL,MCKESSON,00143992390,BX, $ 23.66 ,25, $ 0.95 ,?,0,BX,0,
38,"CHLORAPREP, CLEAR, 10.5 ML (25/BX)",GENERAL,MEDLINE,MDF260700Z,BX, $ 107.83 ,25, $ 4.31 ,0,0,BX,0,
39,"CHLORAPREP, CLEAR, 10.5 ML (25/BX)",GENERAL,SCHEIN,6300069,BX, $ 97.92 ,25, $ 3.92 ,1,2,BX,0,
40,"CHLORAPREP, CLEAR, 10.5 ML (25/BX)",GENERAL,MCKESSON,453619,BX, $ 122.31 ,25, $ 4.89 ,0,0,BX,0,
41,"CHLORAPREP, CLEAR, 26 ML (25/BX)",GENERAL,MEDLINE,MDF260800,BX, $ 202.96 ,25, $ 8.12 ,0,0,BX,0,
42,"CHLORAPREP, CLEAR, 26 ML (25/BX)",GENERAL,SCHEIN,1085773,BX, $ 184.35 ,25, $ 7.37 ,1,1,BX,0,
43,"CHLORAPREP, CLEAR, 26 ML (25/BX)",GENERAL,MCKESSON,260800,BX, $ 318.46 ,25, $ 12.74 ,0,0,BX,0,
44,"CLONIDINE, 0.1 MG (100/BT)",GENERAL,MEDLINE,0228-2127-10,BT, $ 7.28 ,100, $ 0.07 ,?,0,BT,0,
45,"CLONIDINE, 0.1 MG (100/BT)",GENERAL,SCHEIN,1246157,BT, $ 1.40 ,100, $ 0.01 ,?,0,BT,0,
46,"CLONIDINE, 0.1 MG (100/BT)",GENERAL,MCKESSON,00228212710,BT, $ 2.76 ,100, $ 0.03 ,?,0,BT,0,
47,"COAT, LAB, WHITE, KNEE LENGTH, LG, 41' (1 EA)",GENERAL,MEDLINE,83044QHWL,EA, $ 16.49 ,1, $ 16.49 ,?,0,EA,0,
48,"COAT, LAB, WHITE, KNEE LENGTH, LG, 41' (1 EA)",GENERAL,SCHEIN,6789631,EA, $ 9.19 ,1, $ 9.19 ,?,0,EA,0,
49,"COAT, LAB, WHITE, KNEE LENGTH, XLG (1 EA)",GENERAL,MEDLINE,83044QHWXL,EA, $ 17.07 ,1, $ 17.07 ,?,0,EA,0,
50,"COAT, LAB, WHITE, KNEE LENGTH, XLG (1 EA)",GENERAL,SCHEIN,6784913,EA, $ 9.19 ,1, $ 9.19 ,?,0,EA,0,
51,"COAT, LAB, WHITE, KNEE LENGTH, XLG (1 EA)",GENERAL,MCKESSON,10043,EA, $ 3.22 ,1, $ 3.22 ,?,0,EA,0,
52,"COTTON BALL, MEDIUM, NS (4000/CS)",GENERAL,SCHEIN,1000468,CS, $ 10.20 ,4000, $ 0.00 ,1,1,CS,0,
53,"COTTON BALL, MEDIUM, NS (2000/BG, 2/CS)",GENERAL,MCKESSON,493863,BG, $ 7.18 ,2000, $ 0.00 ,0,0,BG,0,
54,"COVER, SHOE, NONSKID, BLUE, LG SIZE (300/CS)",GENERAL,MEDLINE,NON28758,CS, $ 27.13 ,300, $ 0.09 ,1,2,CS,0,
55,"COVER, SHOE, POLYETHELENE, LG, BLUE (1000/CS)",GENERAL,MEDLINE,CRI2010, CS , $ 52.72 ,1000, $ 0.05 ,1,2, CS ,0,
56,"COVER, SHOE, NONSKID, BLUE, XLG SIZE (200/CS)",GENERAL,MEDLINE,NON28759,CS, $ 18.75 ,200, $ 0.09 ,1,2,CS,0,
57,"CUP, MEDICINE, 1 OZ, DISPOS, CLEAR (100/BX)",GENERAL,SCHEIN,1000580,BX, $ 0.82 ,100, $ 0.01 ,0,0,BX,0,
58,"CUP, MEDICINE, 1 OZ, DISPOS, CLEAR (100/BX)",GENERAL,MCKESSON,188670,BX, $ 0.82 ,100, $ 0.01 ,2,2,BX,0,
59,"DEPO-MEDROL, 40 MG, SDV (25/BX)",GENERAL,MEDLINE,0009-3073-03,BX, $ 206.21 ,25, $ 8.25 ,?,0,BX,0,
60,"DEPO-MEDROL, 40 MG, SDV (25/BX)",GENERAL,SCHEIN,2311203,BX, $ 213.35 ,25, $ 8.53 ,?,0,BX,0,
61,"DEPO-MEDROL, 40 MG, SDV (25/BX)",GENERAL,MCKESSON,00009307303,BX, $ 223.53 ,25, $ 8.94 ,?,0,BX,0,
62,"DEXAMETHASONE, 10 MG (25/BX)",GENERAL,MEDLINE,0641-0367-25,BX, $ 38.43 ,25, $ 1.54 ,?,0,BX,0,
63,"DEXAMETHASONE, 10 MG (25/BX)",GENERAL,SCHEIN,1386758,BX, $ 26.92 ,25, $ 1.08 ,?,0,BX,0,
64,"ELECTRODE, DIAGNOSTIC, ECL (100/BX)",GENERAL,MEDLINE,LTP31050522Z,BX, $ 11.56 ,100, $ 0.12 ,0,0,BX,0,
65,"ELECTRODE, DIAGNOSTIC, ECL (100/BX)",GENERAL,SCHEIN,8900201,BX, $ 11.96 ,100, $ 0.12 ,0,0,BX,0,
66,"ELECTRODE, DIAGNOSTIC, ECL (100/BX)",GENERAL,MCKESSON,414913,BX, $ 11.94 ,100, $ 0.12 ,1,1,BX,0,
67,"FUROSEMIDE, 10MG, SDV, 4 ML (1 EA)",GENERAL,MEDLINE,0409-6102-04H,EA, $ 6.73 ,1, $ 6.73 ,?,0,EA,0,
68,"FUROSEMIDE, 10MG, SDV, 4 ML (1 EA)",GENERAL,SCHEIN,1819898,EA, $ 4.46 ,1, $ 4.46 ,?,0,EA,0,
69,"FUROSEMIDE, 10MG, SDV, 4 ML (1 EA)",GENERAL,MCKESSON,3600028325,EA, $ 1.37 ,1, $ 1.37 ,?,0,EA,0,
70,"GAUZE, SPONGE, 2 X 2, 8 PLY, NS, LF (200/BX) ",GENERAL,MEDLINE,NON25208H,BX, $ 1.47 ,200, $ 0.01 ,0,0,BX,0,
71,"GAUZE, SPONGE, 2 X 2, 4 PLY, NS, LF (200/BX) ",GENERAL,SCHEIN,1019278,BX, $ 0.87 ,200, $ 0.00 ,0,0,BX,0,
72,"GAUZE, SPONGE, 2 X 2, 4 PLY, NS, LF (200/BX) ",GENERAL,MCKESSON,92242000,BX, $ 0.60 ,200, $ 0.00 ,1,1,BX,0,
73,"GAUZE, SPONGE, 4 X 4, 8 PLY, NS, LF (200/BX) ",GENERAL,MEDLINE,NON25408H,BX, $ 3.70 ,200, $ 0.02 ,0,0,BX,0,
74,"GAUZE, SPONGE, 4 X 4, 8 PLY, NS, LF (200/BX) ",GENERAL,SCHEIN,1005952,BX, $ 2.76 ,200, $ 0.01 ,0,0,BX,0,
75,"GAUZE, SPONGE, 4 X 4, 8 PLY, NS, LF (200/BX) ",GENERAL,MCKESSON,44082000,BX, $ 2.51 ,200, $ 0.01 ,1,1,BX,0,
76,"GLOVE, EXAM, LATEX, POWER-FREE, LG (100/BX)",GENERAL,MEDLINE,MDS198156H,BX, $ 9.67 ,100, $ 0.10 ,0,0,BX,0,
77,"GLOVE, EXAM, LATEX, POWER-FREE, LG (100/BX)",GENERAL,SCHEIN,1026730,BX, $ 5.81 ,100, $ 0.06 ,2,2,BX,0,
78,"GLOVE, EXAM, LATEX, POWER-FREE, LG (100/BX)",GENERAL,MCKESSON,921594, BX , $ 5.76 ,100, $ 0.06 ,0,0, BX ,0,
79,"GLOVE, EXAM, LATEX, POWER-FREE, MED (100/BX)",GENERAL,MEDLINE,MDS198155H,BX, $ 9.67 ,100, $ 0.10 ,0,0,BX,0,
80,"GLOVE, EXAM, LATEX, POWER-FREE, MED (100/BX)",GENERAL,SCHEIN,1025421,BX, $ 5.85 ,100, $ 0.06 ,2,2,BX,0,
81,"GLOVE, EXAM, LATEX, POWER-FREE, MED (100/BX)",GENERAL,MCKESSON,921593, BX , $ 5.76 ,100, $ 0.06 ,0,0, BX ,0,
82,"GLOVE, EXAM, LATEX, POWER-FREE, SM (100/BX)",GENERAL,MEDLINE,MDS198154H,BX, $ 9.67 ,100, $ 0.10 ,0,0,BX,0,
83,"GLOVE, EXAM, LATEX, POWER-FREE, SM (100/BX)",GENERAL,SCHEIN,1025419,BX, $ 5.85 ,100, $ 0.06 ,2,2,BX,0,
84,"GLOVE, EXAM, LATEX, POWER-FREE, SM (100/BX)",GENERAL,MCKESSON,921592, BX , $ 5.76 ,100, $ 0.06 ,0,0, BX ,0,
85,"GLOVE, EXAM, LATEX, POWER-FREE, XLG (100/BX)",GENERAL,MEDLINE,MDS198157H, BX , $ 9.67 ,100, $ 0.10 ,0,0, BX ,0,
86,"GLOVE, EXAM, LATEX, POWER-FREE, XLG (100/BX)",GENERAL,SCHEIN,1026730,BX, $ 5.81 ,100, $ 0.06 ,0,0,BX,0,
87,"GLOVE, EXAM, LATEX, POWER-FREE, XLG (100/BX)",GENERAL,MCKESSON,921594, BX , $ 5.76 ,100, $ 0.06 ,0,0, BX ,0,
88,"GLOVE, EXAM, NTRLE, ALOE, PF, LF, LG (200/BX)",GENERAL,MEDLINE,MDS195286H,BX, $ 10.89 ,200, $ 0.05 ,0,0,BX,0,
89,"GLOVE, EXAM, NTRLE, ALOE, PF, LF, MD (200/BX)",GENERAL,MEDLINE,MDS195285H,BX, $ 10.89 ,200, $ 0.05 ,0,0,BX,0,
90,"GLOVE, EXAM, NTRLE, ALOE, PF, LF, SM (200/BX)",GENERAL,MEDLINE,MDS195284H,BX, $ 10.89 ,200, $ 0.05 ,0,0,BX,0,
91,"GLOVE, EXAM, NTRLE, ALOE, PF, LF, XLG (180/BX)",GENERAL,MEDLINE,MDS195287H,BX, $ 14.72 ,180, $ 0.08 ,1,1,BX,0,
92,"GLOVE, RADIATION, SYN, LF, PF, 8 (5/BX)",GENERAL,MEDLINE,MSG3980Z,BX, $ 160.00 ,5, $ 32.00 ,1,1,BX,0,
93,"GLOVE, SURGICAL, LATEX, PF, 7 (50/BX)",GENERAL,MEDLINE,MSG2270Z,BX, $ 40.97 ,50, $ 0.82 ,1,1,BX,0,
94,"GLOVE, SURGICAL, LATEX, PF, 7.5 (50/BX)",GENERAL,MEDLINE,MSG2275Z,BX, $ 40.97 ,50, $ 0.82 ,1,1,BX,0,
95,"GLOVE, SURGICAL, LATEX, PF, 8 (50/BX)",GENERAL,MEDLINE,MSG2280Z,BX, $ 40.97 ,50, $ 0.82 ,1,1,BX,0,
96,"GLOVE, SURGICAL, LATEX, PF, 8.5 (50/BX)",GENERAL,MEDLINE,MSG2285Z,BX, $ 56.77 ,50, $ 1.14 ,1,1,BX,0,
97,"GLOVE, SURGICAL, NEOPRENE, 2G, LF, PF, 7 (1 EA)",GENERAL,MEDLINE,MSG6070H,EA, $ 1.48 ,1, $ 1.48 ,0,0,EA,0,
98,"GLOVE, SURGICAL, NEOPRENE, 2G, LF, PF, 7.5 (1 EA)",GENERAL,MEDLINE,MSG6075H,EA, $ 1.48 ,1, $ 1.48 ,0,0,EA,0,
99,"GLOVE, SURGICAL, NEOPRENE, 2G, LF, PF, 8 (1 EA)",GENERAL,MEDLINE,MSG6080H,EA, $ 2.21 ,1, $ 2.21 ,0,0,EA,0,
100,"GLOVE, SURGICAL, NEOPRENE, 2G, LF, PF, 8.5 (1 EA)",GENERAL,MEDLINE,MSG6085H,EA, $ 2.21 ,1, $ 2.21 ,1,3,EA,0,
101,"GOWN, NON-REINFORCED, XL, STERILE (30/BX)",GENERAL,MEDLINE,DYNJP2002,BX, $ 66.46 ,30, $ 2.22 ,?,1,BX,0,
102,"GOWN, NON-REINFORCED, XL, STERILE (30/BX)",GENERAL,SCHEIN,6781784,EA, $ 2.79 ,1, $ 2.79 ,?,0,BX,0,
103,"GOWN, NON-REINFORCED, XL, STERILE (44/BX)",GENERAL,MCKESSON,30131,BX, $ 107.06 ,44, $ 2.43 ,?,0,BX,0,
104,"HAND SANITIZER, FOAM CAN, 8 OZ, Epi-Clenz® (1 EA)",GENERAL,MEDLINE,MSC097040H, EA , $ 3.46 ,1, $ 3.46 ,0,0, EA ,0,
105,"HAND SANITIZER, FOAM CAN, 8 OZ, Epi-Clenz® (1 EA)",GENERAL,SCHEIN,6788626, EA , $ 3.74 ,1, $ 3.74 ,0,0, EA ,0,
106,"HAND SANITIZER, FOAM CAN, 15 OZ, Quick-Care® (1 EA) ",GENERAL,MCKESSON,454651, EA , $ 6.63 ,1, $ 6.63 ,3,3, EA ,0,
107,"HYDROGEN PEROXIDE, 3%, 1 GAL (1 EA)",GENERAL,MCKESSON,23-A0013, EA , $ 5.94 ,1, $ 5.94 ,0,0, EA ,0,
108,"HYDROGEN PEROXIDE, 3%, 16 OZ (12/CS)",GENERAL,SCHEIN,1127069,EA, $ 0.40 ,1, $ 0.40 ,1,1,EA,0,
109,"HYDROGEN PEROXIDE, 3%, 16 OZ (12/CS)",GENERAL,MCKESSON,142779,EA, $ 0.77 ,1, $ 0.77 ,0,0,EA,0,
110,"IBUPROFEN, 600 MG, (500/BT)",GENERAL,MEDLINE,55111-683-05,BT, $ 74.19 ,500, $ 0.15 ,0,0,BT,0,
111,"IBUPROFEN, 600 MG, (500/BT)",GENERAL,SCHEIN,1278845,BT, $ 18.81 ,500, $ 0.04 ,0,0,BT,0,
112,"IODINE, PREP SOLUTION, 10% POVIDONE, 1 GAL",GENERAL,MEDLINE,MDS093904H,EA, $ 20.85 ,1, $ 20.85 ,0,0,EA,0,
113,"IODINE, PREP SOLUTION, 10% POVIDONE, 8 OZ",GENERAL,SCHEIN,1261875,EA, $ 2.49 ,1, $ 2.49 ,0,0,EA,0,
114,"IODINE, PREP SOLUTION, 10% POVIDONE, 1 GAL",GENERAL,MCKESSON,854301,EA, $ 17.83 ,1, $ 17.83 ,0,0,EA,0,
115,"IODINE, PVP PREP, 16 OZ (12/CS)",GENERAL,MEDLINE,MDS093906H,BT, $ 4.99 ,1, $ 4.99 ,0,0,BT,0,
116,"IODINE, PVP PREP, 16 OZ (12/CS)",GENERAL,SCHEIN,2321345,BT, $ 2.52 ,1, $ 2.52 ,0,0,BT,0,
117,"IODINE, PVP PREP, 16 OZ (12/CS)",GENERAL,MCKESSON,911740, BT , $ 2.38 ,1, $ 2.38 ,3,3, BT ,0,
118,"IV ADMIN SET, 15 DRP, 1 PORT, 106 (1 EA)",GENERAL,MEDLINE,DYNDTN1530H,EA, $ 1.75 ,1, $ 1.75 ,?,0,EA,0,
119,"IV ADMIN SET, 15 DRP, 1 PORT, 106 (1 EA)",GENERAL,SCHEIN,5071482,EA, $ 2.11 ,1, $ 2.11 ,?,0,EA,0,
120,"IV ADMIN SET, 15 DRP, 1 PORT, 106 (1 EA)",GENERAL,MCKESSON,V1482,EA, $ 2.01 ,1, $ 2.01 ,?,0,EA,0,
121,"IV ADMIN SET, 15 DRP, 2 PORTS, 96 (1 EA)",GENERAL,MEDLINE,BMG352894H,EA, $ 2.82 ,1, $ 2.82 ,?,0,EA,0,
122,"IV ADMIN SET, 15 DRP, 2 PORTS, 96 (1 EA)",GENERAL,SCHEIN,5079039,EA, $ 2.34 ,1, $ 2.34 ,?,0,EA,0,
123,"IV ADMIN SET, 15 DRP, 2 PORTS, 96 (1 EA)",GENERAL,MCKESSON,352894,EA, $ 2.24 ,1, $ 2.24 ,?,0,EA,0,
124,"IV EXTENSION SET, M-FML, ADPT, 33' (50/BX)",GENERAL,MEDLINE,MDXMX451FL,BX, $ 4.41 ,50, $ 0.09 ,?,0,BX,0,
125,"IV EXTENSION SET, M-FML, ADPT, 33' (50/BX)",GENERAL,MCKESSON,MX451FL,BX, $ 4.41 ,50, $ 0.09 ,?,0,BX,0,
126,"IV EXTENSION SET, SMALL BORE, LL, 6 INCHES (100/BX)",GENERAL,MEDLINE,BMG471960,BX, $ 4.41 ,100, $ 0.04 ,?,0,BX,0,
127,"IV EXTENSION SET, SMALL BORE, LL, 60 INCHES (1 EA)",GENERAL,MEDLINE,MDX536035H,EA, $ 4.41 ,1, $ 4.41 ,?,0,EA,0,
128,"IV EXTENSION SET, STANDARD BORE, LL, 34 INCHES (50/BX)",GENERAL,SCHEIN,1285503, BX, $ 4.41 ,50, $ 0.09 ,?,0, BX,0,
129,"LABETALOL, HCL, 5 MG, MDV, 20ML (1 EA)",GENERAL,MEDLINE,0409-2267-20,EA, $ 3.66 ,1, $ 3.66 ,?,0,EA,0,
130,"LABETALOL, HCL, 5 MG, MDV, 20ML (1 EA)",GENERAL,SCHEIN,1282074,EA, $ 12.06 ,1, $ 12.06 ,?,0,EA,0,
131,"LABETALOL, HCL, 5 MG, MDV, 20ML (1 EA)",GENERAL,MCKESSON,47781058629,EA, $ 3.50 ,1, $ 3.50 ,?,0,EA,0,
132,"LIDOCAINE, 1%, MDV, 50 ML (25/BX)",GENERAL,MCKESSON,00409427602,BX, $ 59.16 ,25, $ 2.37 ,0,0,BX,1,Nationally Back ordered by manufacturer
133,"LIDOCAINE, 1%, MDV, 50 ML (25/BX)",GENERAL,MEDLINE,0409-4276-02,BX, $ 65.45 ,25, $ 2.62 ,0,1,BX,0,
134,"LIDOCAINE, 1%, MDV, 50 ML (25/BX)",GENERAL,SCHEIN,1046817,BX, $ 56.87 ,25, $ 2.27 ,1,0,BX,0,
135,"LIDOCAINE, 1%, SDV, PF, 30 ML (25/BX)",GENERAL,MCKESSON,916456,BX, $ 58.99 ,25, $ 2.36 ,1,0,BX,1,Nationally Back ordered by manufacturer
136,"LIDOCAINE, 1%, SDV, PF, 30 ML (25/BX)",GENERAL,MEDLINE,63323-492-37,BX, $ 544.23 ,25, $ 21.77 ,0,0,BX,0.5,Ordered 10 vials
137,"LIDOCAINE, 1%, SDV, PF, 30 ML (25/BX)",GENERAL,SCHEIN,1500072,BX, $ 65.18 ,25, $ 2.61 ,0,0,BX,0,
138,"LIDOCAINE, 2%, MDV, 50 ML (25/BX)",GENERAL,SCHEIN,1049843,BX, $ 80.56 ,25, $ 3.22 ,1,0,BX,1,and 3 boxes of 10
139,"LIDOCAINE, 2%, MDV, 50 ML (25/BX)",GENERAL,MEDLINE,0409-4277-02,BX, $ 132.52 ,25, $ 5.30 ,0,0,BX,1,
140,"LIDOCAINE, 2%, MDV, 50 ML (25/BX)",GENERAL,MCKESSON,00409427702,BX, $ 83.79 ,25, $ 3.35 ,0,0,BX,0,
141,"LIDOCAINE, 2%, SDV, PF, 5 ML (25/BX)",GENERAL,MEDLINE,63323-495-07,BX, $ 151.60 ,25, $ 6.06 ,0,0,BX,0,
142,"LIDOCAINE, 2%, SDV, PF, 5 ML (25/BX)",GENERAL,SCHEIN,1500101,BX, $ 116.79 ,25, $ 4.67 ,1,1,BX,0,
143,"LIDOCAINE, 2%, SDV, PF, 5 ML (1 EA)",GENERAL,MCKESSON,772134,EA, $ 7.72 ,1, $ 7.72 ,0,0,EA,0,
144,"LIDOCAINE, 2%, SYRINGE, PF, PFS, 5 ML (1 EA)",GENERAL,MEDLINE,0409-1323-05H,EA, $ 4.35 ,1, $ 4.35 ,?,0,EA,0,
145,"LIDOCAINE, 2%, SYRINGE, PF, PFS, 5 ML (1 EA)",GENERAL,SCHEIN,2488012,EA, $ 3.60 ,1, $ 3.60 ,?,0,EA,0,
146,"LIDOCAINE, 2%, SYRINGE, PF, PFS, 5 ML (1 EA)",GENERAL,MCKESSON,00409490334,EA, $ 3.10 ,1, $ 3.10 ,?,0,EA,0,
147,"LINER, BLACK, 13 X 4 X 17, 4 GAL .35 MIL (1000/CS)",GENERAL,MEDLINE,NON022200,CS, $ 14.46 ,1000, $ 0.01 ,0,0,CS,0,
148,"LINER, BLACK, 17 X 17, 7 GAL .3 MIL (1000/CS)",GENERAL,SCHEIN,3950088,CS, $ 14.04 ,1000, $ 0.01 ,0,0,CS,0,
149,"LINER, CLEAR, 17 X 17, 4 GAL .35 MIL (1000/CS)",GENERAL,MCKESSON,H3417RC,CS, $ 9.97 ,1000, $ 0.01 ,1,1,CS,0,
150,"MAGNESIUM SULFATE, 50%, PF SDV, 2 ML (25/BX)",GENERAL,MEDLINE,63323-064-02,BX, $ 47.91 ,25, $ 1.92 ,?,0,BX,0,
151,"MAGNESIUM SULFATE, 50%, PF SDV, 2 ML (25/BX)",GENERAL,SCHEIN,1044435,BX, $ 33.21 ,25, $ 1.33 ,?,0,BX,0,
152,"MAGNESIUM SULFATE, 50%, PF SDV, 2 ML (25/BX)",GENERAL,MCKESSON,63323006402,EA, $ 1.45 ,1, $ 1.45 ,?,0,EA,0,
153,"MARKER, SKIN, MINI, NON-STERILE (1 EA)",GENERAL,MEDLINE,DYNJSMINIH,EA, $ 0.37 ,1, $ 0.37 ,2,300,EA,0,
154,"MARKER, SKIN, MINI, NON-STERILE (100/BX)",GENERAL,SCHEIN,9007020,BX, $ 28.39 ,100, $ 0.28 ,0,0,BX,0,
155,"MARKER, SKIN, MINI, NON-STERILE (100/BX)",GENERAL,MCKESSON,19-1451,BX, $ 36.93 ,100, $ 0.37 ,0,0,BX,0,
156,"MASK W/ FLUID SHIELD, FACE, SURGICAL, BLUE, TIES (25/BX)",GENERAL,MEDLINE,NON27710Z,BX, $ 14.11 ,25, $ 0.56 ,0,0,BX,0,
157,"MASK W/ FLUID SHIELD, FACE, SURGICAL, BLUE, TIES (25/BX)",GENERAL,MCKESSON,91-1600,BX, $ 15.18 ,25, $ 0.61 ,0,0,BX,0,
158,"MASK W/ FLUID SHIELD, FACE, SURGICAL, BLUE, EARLOOPS (25/BX)",GENERAL,MEDLINE,NON27410Z,BX, $ 15.18 ,25, $ 0.61 ,0,0,BX,0,
159,"MASK W/ FLUID SHIELD, FACE, SURGICAL, BLUE, EARLOOPS (25/BX)",GENERAL,SCHEIN,1047321,BX, $ 14.11 ,25, $ 0.56 ,0,0,BX,0,
160,"MASK, FACE, SURGICAL, BLUE W/ TIES, ANTI-FOG (300/CS)",GENERAL,MEDLINE,NON27408EL,CS, $ 34.53 ,300, $ 0.12 ,0,0,CS,0,
161,"MASK, FACE, SURGICAL, BLUE W/ TIES, ANTI-FOG (300/CS)",GENERAL,SCHEIN,1113075,CS, $ 34.87 ,300, $ 0.12 ,0,0,CS,0,
162,"MASK, FACE, SURGICAL, BLUE W/ TIES, ANTI-FOG (50/BX)",GENERAL,MCKESSON,91-1400,BX, $ 6.34 ,50, $ 0.13 ,1,1,BX,0,
163,"MASK, FACE, SURGICAL, BLUE W/ LOOPS, ANTI-FOG (500/CS)",GENERAL,MEDLINE,ALA4228101,CS, $ 176.65 ,500, $ 0.35 ,0,0,CS,0,
164,"MASK, FACE, SURGICAL, BLUE W/ LOOPS, ANTI-FOG (25/BX)",GENERAL,SCHEIN,1207915,BX, $ 19.64 ,25, $ 0.79 ,0,0,BX,0,
165,"MASK, FACE, SURGICAL, BLUE W/ LOOPS, ANTI-FOG (50/BX)",GENERAL,MCKESSON,875039,BX, $ 9.35 ,50, $ 0.19 ,1,1,BX,0,
166,"NEEDLE, 18G X 1, HYPO, SAFETY (50/BX)",GENERAL,MEDLINE,SWD850810Z,BX, $ 14.09 ,50, $ 0.28 ,0,0,BX,0,
167,"NEEDLE, 18G X 1, HYPO, SAFETY (100/BX)",GENERAL,SCHEIN,5700337,BX, $ 18.11 ,100, $ 0.18 ,0,0,BX,0,
168,"NEEDLE, 18G X 1, HYPO, SAFETY (100/BX)",GENERAL,MCKESSON,102-N181S,BX, $ 16.33 ,100, $ 0.16 ,1,1,BX,0,
169,"NEEDLE, 18G X 1.5, HYPO, SAFETY (50/BX)",GENERAL,MEDLINE,SWD850815Z,BX, $ 14.09 ,50, $ 0.28 ,0,0,BX,0,
170,"NEEDLE, 18G X 1.5, HYPO, SAFETY (100/BX)",GENERAL,SCHEIN,9007649,BX, $ 9.76 ,100, $ 0.10 ,1,1,BX,0,
171,"NEEDLE, 18G X 1.5, HYPO, SAFETY (100/BX)",GENERAL,MCKESSON,102-N18105S,BX, $ 16.33 ,100, $ 0.16 ,0,0,BX,0,
172,"NEEDLE, 21G X 1.5, HYPO, SAFETY (100/BX)",GENERAL,MEDLINE,SYRS100217,BX, $ 19.90 ,100, $ 0.20 ,0,0,BX,0,
173,"NEEDLE, 21G X 1.5, HYPO, SAFETY (100/BX)",GENERAL,SCHEIN,9007651,BX, $ 19.42 ,100, $ 0.19 ,1,1,BX,0,
174,"NEEDLE, 21G X 1.5, HYPO, SAFETY (50/BX)",GENERAL,MCKESSON,26553,BX, $ 11.15 ,50, $ 0.22 ,0,0,BX,0,
175,"NEEDLE, 22G X 1.5, HYPO, SAFETY (50/BX)",GENERAL,MEDLINE,SWD850215Z,BX, $ 14.09 ,50, $ 0.28 ,0,0,BX,0,
176,"NEEDLE, 22G X 1.5, HYPO, SAFETY (100/BX)",GENERAL,SCHEIN,9007653,BX, $ 18.45 ,100, $ 0.18 ,0,0,BX,0,
177,"NEEDLE, 22G X 1.5, HYPO, SAFETY (100/BX)",GENERAL,MCKESSON,102-N22105S,BX, $ 16.33 ,100, $ 0.16 ,1,1,BX,0,
178,"NEEDLE, 23G X 1.5, HYPO, SAFETY (100/BX)",GENERAL,MEDLINE,SYRS100237Z,BX, $ 15.31 ,100, $ 0.15 ,1,1,BX,0,
179,"NEEDLE, 23G X 1.5, HYPO, SAFETY (100/BX)",GENERAL,SCHEIN,5700340,BX, $ 18.11 ,100, $ 0.18 ,0,0,BX,0,
180,"NEEDLE, 23G X 1.5, HYPO, SAFETY (100/BX)",GENERAL,MCKESSON,102-N23105S,BX, $ 18.14 ,100, $ 0.18 ,0,0,BX,0,
181,"NEEDLE, 27G X 1.25, HYPO, SAFETY (100/BX)",GENERAL,MEDLINE,SYRS100276Z,BX, $ 15.31 ,100, $ 0.15 ,1,1,BX,0,
182,"NEEDLE, 27G X 1.25, HYPO, SAFETY (100/BX)",GENERAL,SCHEIN,8410168,BX, $ 38.99 ,100, $ 0.39 ,0,0,BX,0,
183,"NEEDLE, 27G X 1.25, HYPO, SAFETY (100/BX)",GENERAL,MCKESSON,651680,BX, $ 18.96 ,100, $ 0.19 ,0,0,BX,0,
184,"OMNIPAQUE, 300 MG, 30 ML (10/BX)",GENERAL,SCHEIN,1167608,BX, $ 66.01 ,10, $ 6.60 ,1,3,BX,0,
185,"OMNIPAQUE, 300 MG, 30 ML (10/BX)",GENERAL,MEDLINE,NYOY306,BX, $ 495.08 ,10, $ 49.51 ,0,0,BX,0,
186,"OMNIPAQUE, 300 MG, 30 ML (10/BX)",GENERAL,MCKESSON,797312,BX, $ 56.94 ,10, $ 5.69 ,0,0,BX,0,
187,"ONDANSETRON, 2MG/ML, SDV, 2ML (25/BX)",GENERAL,MEDLINE,0409-4755-03,BX, $ 13.53 ,25, $ 0.54 ,?,0,BX,0,
188,"ONDANSETRON, 2MG/ML, SDV, 2ML (25/BX)",GENERAL,SCHEIN,1259100,BX, $ 8.31 ,25, $ 0.33 ,?,1,BX,0,
189,"ONDANSETRON, 2MG/ML, SDV, 2ML (10/BX)",GENERAL,MCKESSON,23155054741,BX, $ 5.12 ,10, $ 0.51 ,?,0,BX,0,
190,OR TOWELS (8/BX),GENERAL,MEDLINE,MDT2168288,BX, $ 4.48 ,8, $ 0.56 ,2,8,BX,0,
191,OR TOWELS (4/BX),GENERAL,SCHEIN,9331103,BX, $ 2.64 ,4, $ 0.66 ,0,0,BX,0,
192,OR TOWELS (4/BX),GENERAL,MCKESSON,277861,BX, $ 2.49 ,4, $ 0.62 ,0,0,BX,0,
193,"PACK, ICE, 6.5 x 14 (1 EA)",GENERAL,MEDLINE,MRS16100H,EA, $ 2.01 ,1, $ 2.01 ,?,0,EA,0,
194,"PACK, ICE, 6.5 x 14 (50/BX)",GENERAL,SCHEIN,4947468,BX, $ 88.20 ,50, $ 1.76 ,?,0,BX,0,
195,"PACK, ICE, 6.5 X 12 (25/BX)",GENERAL,MCKESSON,33500,BX, $ 38.16 ,25, $ 1.53 ,?,0,BX,0,
196,"PAD, PREP, ALCOHOL, LARGE, 2-PLY, STERILE (100/BX, 1000/CS)",GENERAL,MEDLINE,MDS090670,CS, $ 17.61 ,1000, $ 0.02 ,0,0,CS,0,
197,"PAD, PREP, ALCOHOL, LARGE, 2-PLY, STERILE (200/BX)",GENERAL,SCHEIN,8900682,BX, $ 2.65 ,200, $ 0.01 ,0,0,BX,0,
198,"PAD, PREP, ALCOHOL, LARGE, 2-PLY, STERILE (100/BX)",GENERAL,MCKESSON,58-404,BX, $ 1.48 ,100, $ 0.01 ,1,1,BX,0,
199,"PAD, PREP, ALCOHOL, MEDIUM, 2-PLY, MEDIUM (200/BX, 3000/CS)",GENERAL,MEDLINE,MDS090735,CS, $ 20.99 ,3000, $ 0.01 ,0,0,CS,0,
200,"PAD, PREP, ALCOHOL, MEDIUM, 2-PLY, MEDIUM (200/BX)",GENERAL,SCHEIN,8909048,BX, $ 1.62 ,200, $ 0.01 ,0,0,BX,0,
201,"PAD, PREP, ALCOHOL, MEDIUM, 2-PLY, MEDIUM (200/BX)",GENERAL,MCKESSON,58-204,BX, $ 1.57 ,200, $ 0.01 ,1,1,BX,0,
202,"PAPER, EXAM TABLE, 21 X 225 (12/CS)",GENERAL,MEDLINE,NON23326,CS, $ 24.50 ,12, $ 2.04 ,1,1,CS,0,
203,"PAPER, EXAM TABLE, 21 X 225 (12/CS)",GENERAL,SCHEIN,1045273,CS, $ 28.96 ,12, $ 2.41 ,0,0,CS,0,
204,"PAPER, EXAM TABLE, 21 X 225 (12/CS)",GENERAL,MCKESSON,18-914,CS, $ 26.65 ,12, $ 2.22 ,0,0,CS,0,
205,"PENCIL, ELECTROSURGICAL, PUSH BUTTON, DISP (50/BX)",GENERAL,MEDLINE,ARNESP1,BX, $ 218.32 ,50, $ 4.37 ,?,0,BX,0,
206,"PILLOW, 20 X 26 (1 EA)",GENERAL,MEDLINE,PWF51108101H,EA, $ 3.34 ,1, $ 3.34 ,0,0,EA,0,
207,"PILLOW, 20 X 26 (1 EA)",GENERAL,SCHEIN,3190001,EA, $ 4.74 ,1, $ 4.74 ,0,0,EA,0,
208,"PILLOW, 20 X 26 (1 EA)",GENERAL,MCKESSON,41-1925-WXF,EA, $ 5.41 ,1, $ 5.41 ,0,0,EA,0,
209,"PILLOWCASE, 21 X 30, WHITE (100/CS)",GENERAL,MEDLINE,NON24345,CS, $ 21.55 ,100, $ 0.22 ,0,0,CS,0,
210,"PILLOWCASE, 21 X 30, WHITE (100/CS)",GENERAL,SCHEIN,1049206,CS, $ 14.79 ,100, $ 0.15 ,1,1,CS,0,
211,"PILLOWCASE, 21 X 30, WHITE (100/CS)",GENERAL,MCKESSON,18-917,CS, $ 16.08 ,100, $ 0.16 ,0,0,CS,0,
212,"PREGNANCY TEST, URINE STRIP (25/BX)",GENERAL,MEDLINE,MPH11025HCG,BX, $ 17.00 ,25, $ 0.68 ,0,0,BX,0,
213,"PREGNANCY TEST, URINE STRIP (25/BX)",GENERAL,SCHEIN,9004072,BX, $ 11.74 ,25, $ 0.47 ,0,0,BX,0,
214,"PREGNANCY TEST, URINE STRIP (25/BX)",GENERAL,MCKESSON,5000,BX, $ 11.45 ,25, $ 0.46 ,1,1,BX,0,
215,"PROCAINAMIDE HCL, 500MG/ML, MDV 2ML (1 EA)",GENERAL,MEDLINE,0409-1903-01H,EA, $ 82.25 ,1, $ 82.25 ,?,0,EA,0,
216,"PROCAINAMIDE HCL, 500MG/ML, MDV 2ML (1 EA)",GENERAL,SCHEIN,1132836,EA, $ 81.90 ,1, $ 81.90 ,?,0,EA,0,
217,"PROCAINAMIDE HCL, 500MG/ML, MDV 2ML (1 EA)",GENERAL,MCKESSON,00409190301,EA, $ 79.79 ,1, $ 79.79 ,?,0,EA,0,
218,"SANITIZER, HAND, GEL, BOTTLE (1 EA) ",GENERAL,SCHEIN,9004442,EA, $ 4.52 ,1, $ 4.52 ,0,0,EA,0,
219,"SANITIZER, HAND, GEL, BOTTLE (1 EA) ",GENERAL,MCKESSON,463154,EA, $ 3.79 ,1, $ 3.79 ,0,0,EA,0,
220,"SHARPS CONTAINER, RED,  5 QT (1 EA)",GENERAL,MEDLINE,MDS705153H,EA, $ 4.46 ,1, $ 4.46 ,0,0,EA,0,
221,"SHARPS CONTAINER, RED,  5 QT (20/CS) ",GENERAL,SCHEIN,1154259,CS, $ 50.82 ,20, $ 2.54 ,0,0,CS,0,
222,"SHARPS CONTAINER, RED,  5 QT (1 EA) ",GENERAL,MCKESSON,881399,EA , $ 3.61 ,1, $ 3.61 ,1,3,EA ,0,
223,"SHARPS CONTAINER, WHITE, 5 QT (1 EA) ",GENERAL,MEDLINE,SGE8506SAH,EA, $ 4.37 ,1, $ 4.37 ,0,0,EA,0,
224,"SHARPS CONTAINER, WHITE, 5 QT (1 EA) ",GENERAL,SCHEIN,2712717,EA, $ 4.46 ,1, $ 4.46 ,0,0,EA,0,
225,"SHARPS CONTAINER, WHITE, 5 QT (1 EA) ",GENERAL,MCKESSON,855126,EA, $ 3.61 ,1, $ 3.61 ,0,0,EA,0,
226,"SHORTS, EXAM, BLUE, 2X LG (30/CS)",GENERAL,MEDLINE,NON27209XXL,CS, $ 30.42 ,30, $ 1.01 ,0,0,CS,0,
227,"SHORTS, EXAM, BLUE, 2X LG (30/CS)",GENERAL,SCHEIN,1145986,CS, $ 29.20 ,30, $ 0.97 ,0,0,CS,0,
228,"SHORTS, EXAM, BLUE, 2X LG (25/CS)",GENERAL,MCKESSON,16-960404,CS, $ 14.96 ,25, $ 0.60 ,1,1,CS,0,
229,"SHORTS, EXAM, BLUE, LG (30/CS)",GENERAL,MEDLINE,NON27209L,CS, $ 23.90 ,30, $ 0.80 ,0,0,CS,0,
230,"SHORTS, EXAM, BLUE, LG (30/CS)",GENERAL,SCHEIN,1092470,CS, $ 25.90 ,30, $ 0.86 ,0,0,CS,0,
231,"SHORTS, EXAM, BLUE, LG (25/CS)",GENERAL,MCKESSON,16-1103,CS, $ 10.65 ,25, $ 0.43 ,1,1,CS,0,
232,"SODIUM BICARBONATE, 8.4%, 50 ML, SDV (1 EA)",GENERAL,MEDLINE,0409-6625-02H,EA, $ 12.38 ,1, $ 12.38 ,0,0,EA,0,
233,"SODIUM BICARBONATE, 8.4%, 50 ML, SDV (25/BX)",GENERAL,SCHEIN,1046823,BX, $ 266.96 ,25, $ 10.68 ,0,0,BX,0,
234,"SODIUM BICARBONATE, 8.4%, 50 ML, SDV (1 EA)",GENERAL,MCKESSON,239985,EA, $ 11.15 ,1, $ 11.15 ,1,4,EA,0,
235,"SODIUM BICARBONATE, SYRINGE, 8.4%, 50 ML (1 EA)",GENERAL,SCHEIN,2481288,EA, $ 11.12 ,1, $ 11.12 ,1,2,EA,0,
236,"SODIUM BICARBONATE, SYRINGE, 8.4%, 50 ML (1 EA)",GENERAL,MCKESSON,76329335201,EA, $ 12.79 ,1, $ 12.79 ,0,0,EA,0,
237,"SODIUM BICARBONATE, SYRINGE, 8.4%, 50 ML (1 EA)",GENERAL,MEDLINE,0409-6637-34H,EA, $ 12.62 ,1, $ 12.62 ,0,2,EA,,
238,"SODIUM CHLORIDE, 0.9%, IRRIG, BOTTLE, 500 ML (16/CS)",GENERAL,MEDLINE,161735, CS , $ 29.35 ,16, $ 1.83 ,0,0, CS ,0,
239,"SODIUM CHLORIDE, 0.9%, IRRIG, BOTTLE, 500 ML (16/CS)",GENERAL,SCHEIN,5075201, EA , $ 1.69 ,1, $ 1.69 ,1,1, CS ,0,
240,"SODIUM CHLORIDE, 0.9%, IRRIG, BOTTLE, 500 ML (16/CS)",GENERAL,MCKESSON,161735,CS, $ 37.68 ,16, $ 2.36 ,0,0,CS,0,
241,"SODIUM CHLORIDE, 0.9%, SDV, PF, DILUENT, 10 ML (25/BX)",GENERAL,SCHEIN,1049943,BX, $ 21.40 ,25, $ 0.86 ,1,3,BX,2,Nationally Back ordered by manufacturer also order 3 bx of 22 of 50 ml
242,"SODIUM CHLORIDE, 0.9%, SDV, PF, DILUENT, 10 ML (25/BX)",GENERAL,MEDLINE,ABB048881010Z,BX, $ 29.20 ,25, $ 1.17 ,0,1,BX,0,
243,"SODIUM CHLORIDE, 0.9%, SDV, PF, DILUENT, 10 ML (25/BX)",GENERAL,MCKESSON,236173,BX, $ 22.39 ,25, $ 0.90 ,0,0,BX,0,
244,"SODIUM CHLORIDE, 0.9%, SDV, PF, DILUENT, 20 ML (25/BX)",GENERAL,MEDLINE,ABB0488820,BX, $ 27.34 ,25, $ 1.09 ,1,3,BX,0,
245,"SODIUM CHLORIDE, 0.9%, SDV, PF, DILUENT, 20 ML (25/BX)",GENERAL,SCHEIN,1048688,BX, $ 29.05 ,25, $ 1.16 ,0,0,BX,0,
246,"SODIUM CHLORIDE, 0.9%, SDV, PF, DILUENT, 20 ML (25/BX)",GENERAL,MCKESSON,239940,BX, $ 30.38 ,25, $ 1.22 ,0,0,BX,0,
247,"SODIUM CHLORIDE, 0.9%, SYRINGE, 10 ML, PF, UPS (120/CS)",GENERAL,MEDLINE,B-D306518,CS, $ 83.97 ,120, $ 0.70 ,0,0,CS,0,
248,"SODIUM CHLORIDE, 0.9%, SYRINGE, 10 ML, PF, UPS (30/BX, 4/CS)",GENERAL,SCHEIN,9024592,CS, $ 88.70 ,120, $ 0.74 ,0,0,CS,0,
249,"SODIUM CHLORIDE, 0.9%, SYRINGE, 10 ML, PF, UPS (30/BX)",GENERAL,MCKESSON,306518,BX, $ 26.38 ,30, $ 0.88 ,1,2,BX,0,
250,"SODIUM CHLORIDE, 0.9%, SYRINGE, 5 ML, PF, UPS (30/BX)",GENERAL,MEDLINE,B-D306502Z,BX, $ 17.31 ,30, $ 0.58 ,0,0,BX,0,
251,"SODIUM CHLORIDE, 0.9%, SYRINGE, 5 ML, PF, UPS (30/BX)",GENERAL,SCHEIN,9871864,BX, $ 16.94 ,30, $ 0.56 ,0,0,BX,0,
252,"SODIUM CHLORIDE, 0.9%, SYRINGE, 5 ML, PF, UPS (30/BX)",GENERAL,MCKESSON,306504,BX, $ 14.38 ,30, $ 0.48 ,1,1,BX,0,
253,"SOLUTION, 0.4% LIDOCAINE + 5% DEXTR, 500 ML, BAG, USP (1 EA)",GENERAL,MCKESSON,467165,EA, $ 6.34 ,1, $ 6.34 ,?,0,EA,?,
254,"SOLUTION, 0.4% LIDOCAINE + 5% DEXTR, 500 ML, BAG, USP (1 EA)",GENERAL,MEDLINE,BHL2B0973,CS, $ 111.69 ,18, $ 6.21 ,?,0,CS,0,
255,"SOLUTION, 0.4% LIDOCAINE + 5% DEXTR, 500 ML, BAG, USP (1 EA)",GENERAL,SCHEIN,1536016,CS, $ 111.38 ,24, $ 4.64 ,?,0,CS,0,
256,"SOLUTION, DEXTROSE, 5%, BAG, 100 ML, DILUENT, INJ, PF, USP (5/BX)",GENERAL,MEDLINE,ABB071006767Z,BX, $ 13.24 ,5, $ 2.65 ,?,0,BX,0,
257,"SOLUTION, DEXTROSE, 5%, BAG, 100 ML, DILUENT, INJ, PF, USP (50/CS)",GENERAL,SCHEIN,2065944,CS, $ 134.99 ,50, $ 2.70 ,?,0,CS,0,
258,"SOLUTION, DEXTROSE, 5%, BAG, 100 ML, DILUENT, INJ, PF, USP (5/BX, 10/CS)",GENERAL,MCKESSON,470429,CS, $ 127.91 ,50, $ 2.56 ,?,0,CS,0,
259,"SOLUTION, DOPAMINE 1600 MG + 5% DEXTR, BAG, 250 ML, INJ, USP (1 EA)",GENERAL,MCKESSON,467160,EA, $ 13.21 ,1, $ 13.21 ,?,0,EA,0,
260,"SOLUTION, DOPAMINE 1600 MG + 5% DEXTR, BAG, 250 ML, INJ, USP (18/CS)",GENERAL,MEDLINE,BHL2B0842,CS, $ 233.04 ,18, $ 12.95 ,?,0,CS,0,
261,"SOLUTION, DOPAMINE 1600 MG + 5% DEXTR, BAG, 250 ML, INJ, USP (12/CS)",GENERAL,SCHEIN,1118504,CS, $ 186.46 ,12, $ 15.54 ,?,0,CS,0,
262,"SOLUTION, LACT RINGERS, INJ, USP, 500 ML, BAG (1 EA)",GENERAL,MCKESSON,186663,EA, $ 2.35 ,1, $ 2.35 ,?,0,EA,0,
263,"SOLUTION, LACT RINGERS, INJ, USP, 500 ML, BAG (24/CS)",GENERAL,MEDLINE,BHL2B2323QCS,CS, $ 106.37 ,24, $ 4.43 ,?,0,CS,0,
264,"SOLUTION, LACT RINGERS, INJ, USP, 500 ML, BAG (1 EA)",GENERAL,SCHEIN,1533210,EA, $ 4.54 ,1, $ 4.54 ,?,0,EA,0,
265,"SOLUTION, LACT RINGERS, INJ, USP, 1000 ML, BAG (1 EA)",GENERAL,SCHEIN,1002435,EA, $ 2.99 ,1, $ 2.99 ,?,0,EA,0,
266,"SOLUTION, LACT RINGERS, INJ, USP, 1000 ML, BAG (1 EA)",GENERAL,MEDLINE,BHL2B2324XH,EA, $ 4.71 ,1, $ 4.71 ,?,0,EA,0,
267,"SOLUTION, LACT RINGERS, INJ, USP, 1000 ML, BAG (1 EA)",GENERAL,MCKESSON,L7500,EA, $ 3.00 ,1, $ 3.00 ,?,0,EA,0,
268,"SOLUTION, SODIUM CHLORIDE, 0.9%, BAG, 100 ML, INJ, USP (1 EA)",GENERAL,SCHEIN,1530110,EA, $ 2.41 ,1, $ 2.41 ,0,0,EA,0,
269,"SOLUTION, SODIUM CHLORIDE, 0.9%, BAG, 100 ML, INJ, USP (1 EA)",GENERAL,MCKESSON,2B1307,EA, $ 1.85 ,1, $ 1.85 ,3,0,EA,0,
270,"SOLUTION, SODIUM CHLORIDE, 0.9%, BAG, 100 ML, INJ, USP (1 EA)",GENERAL,MEDLINE,BHL2B1307H,EA, $ 2.36 ,1, $ 2.36 ,0,0,EA,,
271,"SOLUTION, SODIUM CHLORIDE, 0.9%, BAG, 250 ML, INJ, USP (24/CS)",GENERAL,SCHEIN,5078002,EA, $ 1.69 ,1, $ 1.69 ,3,0,EA,0,
272,"SOLUTION, SODIUM CHLORIDE, 0.9%, BAG, 250 ML, INJ, USP (24/CS)",GENERAL,MCKESSON,L8002,EA, $ 2.10 ,1, $ 2.10 ,0,0,EA,0,
273,"SOLUTION, SODIUM CHLORIDE, 0.9%, BAG, 250 ML, INJ, USP (24/CS)",GENERAL,MEDLINE,BHL2B1322QH,EA, $ 3.60 ,1, $ 3.60 ,0,3,EA,,
274,"SOLUTION, SODIUM CHLORIDE, 0.9%, BAG, 500 ML, INJ, USP (24/CS)",GENERAL,MEDLINE,ABB079830334,CS, $ 141.60 ,24, $ 5.90 ,0,0,CS,0,
275,"SOLUTION, SODIUM CHLORIDE, 0.9%, BAG, 500 ML, INJ, USP (24/CS)",GENERAL,SCHEIN,2581455,CS, $ 143.72 ,24, $ 5.99 ,0,0,CS,0,
276,"SOLUTION, SODIUM CHLORIDE, 0.9%, BAG, 500 ML, INJ, USP (24/CS)",GENERAL,MCKESSON,L8001,EA, $ 2.10 ,1, $ 2.10 ,0,0,EA,0,
277,"SOLUTION, SODIUM CHLORIDE, 0.9%, BAG, 500 ML, INJ, USP (24/CS)",GENERAL,SCHEIN,1004737,EA, $ 1.75 ,1, $ 1.75 ,1,0,EA,0,
278,"SOLUTION, SODIUM CHLORIDE, 0.9%, BAG, 500 ML, INJ, USP (24/CS)",GENERAL,MEDLINE,BHL2B1323QCS,CS, $ 92.85 ,24, $ 3.87 ,0,2,CS,,
279,"SOLUTION, SODIUM CHLORIDE, 0.9%, 1000 ML, INJ, USP, BAG (1 EA)",GENERAL,MCKESSON,L8000,EA, $ 2.10 ,1, $ 2.10 ,0,0,EA,0,
280,"SOLUTION, SODIUM CHLORIDE, 0.9%, 1000 ML, INJ, USP, BAG (1 EA)",GENERAL,SCHEIN,1002808,EA, $ 1.81 ,1, $ 1.81 ,6,0,EA,0,
281,"SOLUTION, SODIUM CHLORIDE, 0.9%, 1000 ML, INJ, USP, BAG (12/CS)",GENERAL,MEDLINE,ABB079830939,CS, $ 70.80 ,12, $ 5.90 ,0,2,CS,,
282,"STERILIZATION, BIOLOGICAL INDICATOR, 3M, 24 HRS, (25/BX)",GENERAL,SCHEIN,2200057, BX , $ 50.64 ,25, $ 2.03 ,0,0, BX ,0,
283,"STERILIZATION, BIOLOGICAL INDICATOR, 3M, 24 HRS, (25/BX)",GENERAL,MCKESSON,153736, BX , $ 44.85 ,25, $ 1.79 ,1,0, BX ,0,
284,"STERILIZATION, INTEGRATOR, STEAM, 2' X .75' (500/BX)",GENERAL,MEDLINE,MMM1243AZ, BX, $ 50.15 ,500, $ 0.10 ,0,0, BX,0,
285,"STERILIZATION, INTEGRATOR, STEAM, 2' X .75' (100/BX)",GENERAL,SCHEIN,2201989,BX, $ 10.92 ,100, $ 0.11 ,1,0,BX,0,
286,"STERILIZATION, INTEGRATOR, STEAM, 4' (100/BX)",GENERAL,MCKESSON,73-SSI100, BX, $ 11.08 ,100, $ 0.11 ,0,0, BX,0,
287,"STERILIZATION, POUCH,  SELF SEAL, 3.5 X 9 (200/BX)",GENERAL,MCKESSON,16-6423,BX, $ 5.88 ,200, $ 0.03 ,1,0,BX,0,
288,"STERILIZATION, POUCH,  SELF SEAL, 5.25 X 10 (200/BX)",GENERAL,MEDLINE,MPOP5X10Z,BX, $ 12.32 ,200, $ 0.06 ,0,0,BX,0,
289,"STERILIZATION, POUCH,  SELF SEAL, 5.25 X 10 (200/BX)",GENERAL,SCHEIN,1124854,BX, $ 7.46 ,200, $ 0.04 ,1,0,BX,0,
290,"STERILIZATION, POUCH,  SELF SEAL, 5.25 X 10 (200/BX)",GENERAL,MCKESSON,16-6424,BX, $ 9.68 ,200, $ 0.05 ,0,0,BX,0,
291,"STERILIZATION, POUCH,  SELF SEAL, 7.5 X 13 (1000/CS)",GENERAL,MEDLINE,MPOP7X13,CS, $ 84.26 ,1000, $ 0.08 ,0,0,CS,0,
292,"STERILIZATION, POUCH,  SELF SEAL, 7.5 X 13 (200/BX)",GENERAL,SCHEIN,1124858,BX, $ 12.42 ,200, $ 0.06 ,1,0,BX,0,
293,"STERILIZATION, POUCH,  SELF SEAL, 7.5 X 13 (200/BX)",GENERAL,MCKESSON,16-6425,BX, $ 16.67 ,200, $ 0.08 ,0,0,BX,0,
294,"STERILIZATION, POUCH,  SELF SEAL, 12 X 15 (200/BX)",GENERAL,MEDLINE,MPP100555GSZ,BX, $ 34.19 ,200, $ 0.17 ,0,0,BX,0,
295,"STERILIZATION, POUCH,  SELF SEAL, 12 X 15 (100/BX)",GENERAL,SCHEIN,9004783,BX, $ 29.01 ,100, $ 0.29 ,1,0,BX,0,
296,"STERILIZATION, SOLUTION, DISINFECTANT, CAVICIDE, 1 GAL (1 EA)",GENERAL,SCHEIN,6400019,EA, $ 15.72 ,1, $ 15.72 ,0,0,EA,0,
297,"STERILIZATION, SOLUTION, DISINFECTANT, CAVICIDE, 1 GAL (1 EA)",GENERAL,MCKESSON,194631, EA , $ 13.32 ,1, $ 13.32 ,1,1, EA ,0,
298,"STERILIZATION, SOLUTION, DISINFECTANT, MERITZ PLUS, 1 GAL",GENERAL,MEDLINE,MDS8840128H,EA, $ 28.81 ,1, $ 28.81 ,?,0,EA,0,
299,"STERILIZATION, SOLUTION, ENZYMATIC, EMPOWER, METREX , 1 GAL (1 EA)",GENERAL,MCKESSON,373982,EA, $ 18.06 ,1, $ 18.06 ,?,0,EA,0,
300,"STETHOSCOPE, BLACK (1 EA)",GENERAL,MEDLINE,MDS926501,EA, $ 45.00 ,1, $ 45.00 ,1,1,EA,0,
301,"STETHOSCOPE, BLACK (1 EA)",GENERAL,SCHEIN,6190020,EA, $ 3.93 ,1, $ 3.93 ,0,0,EA,0,
302,"STETHOSCOPE, BLACK (1 EA)",GENERAL,MCKESSON,01-660BKGM,EA, $ 3.07 ,1, $ 3.07 ,2,2,EA,0,
303,"STOPCOCK, 3-WAY, SWIVEL, MALE, LL (50/CS)",GENERAL,MEDLINE,MDXMX5311L,CS, $ 24.67 ,50, $ 0.49 ,1,1,CS,0,
304,"STOPCOCK, 3-WAY, SWIVEL, MALE, LL (50/CS)",GENERAL,SCHEIN,8950046,EA, $ 0.67 ,1, $ 0.67 ,0,0,CS,0,
305,"STOPCOCK, 3-WAY, SWIVEL, MALE, LL (50/CS)",GENERAL,MCKESSON,MX2311L,CS, $ 43.10 ,50, $ 0.86 ,0,0,CS,0,
306,"SYRINGE, IRRIGATION BULB, 60ML, STERILE (50/CS)",GENERAL,MEDLINE,DYND20125,CS, $ 31.54 ,50, $ 0.63 ,0,0,CS,0,
307,"SYRINGE, IRRIGATION BULB, 60ML, STERILE (50/CS)",GENERAL,SCHEIN,1189131,CS, $ 45.13 ,50, $ 0.90 ,0,0,CS,0,
308,"SYRINGE, IRRIGATION BULB, 60ML, STERILE (50/CS)",GENERAL,MCKESSON,898,CS, $ 28.57 ,50, $ 0.57 ,1,1,CS,0,
309,"SYRINGE, LUER LOCK, STERILE, 3ML (100/BX)",GENERAL,MEDLINE,SYR103010Z,BX, $ 5.74 ,100, $ 0.06 ,0,0,BX,0,
310,"SYRINGE, LUER LOCK, STERILE, 3ML (100/BX)",GENERAL,SCHEIN,1023909,BX, $ 6.49 ,100, $ 0.06 ,0,0,BX,0,
311,"SYRINGE, LUER LOCK, STERILE, 3ML (100/BX)",GENERAL,MCKESSON,16-S3C,BX, $ 4.99 ,100, $ 0.05 ,1,1,BX,0,
312,"SYRINGE, LUER LOCK, STERILE, 5ML (100/BX)",GENERAL,SCHEIN,9004477,BX, $ 7.07 ,100, $ 0.07 ,0,0,BX,0,
313,"SYRINGE, LUER LOCK, STERILE, 5ML (100/BX)",GENERAL,MCKESSON,16-S5C,BX, $ 6.43 ,100, $ 0.06 ,0,0,BX,0,
314,"SYRINGE, LUER LOCK, STERILE, 5ML (100/BX)",GENERAL,MEDLINE,SYR105010Z,BX, $ 5.60 ,100, $ 0.06 ,1,2,BX,,
315,"SYRINGE, LUER LOCK, STERILE, 10ML (200/BX)",GENERAL,MEDLINE,B-D302995Z,BX, $ 17.39 ,200, $ 0.09 ,0,0,BX,0,
316,"SYRINGE, LUER LOCK, STERILE, 10ML (100/BX)",GENERAL,SCHEIN,9004476,BX, $ 9.01 ,100, $ 0.09 ,0,0,BX,0,
317,"SYRINGE, LUER LOCK, STERILE, 10ML (100/BX)",GENERAL,MCKESSON,16-S10C,BX, $ 8.78 ,100, $ 0.09 ,1,1,BX,0,
318,"SYRINGE, LUER LOCK, STERILE, 20ML (50/BX)",GENERAL,SCHEIN,1126151,BX, $ 8.99 ,50, $ 0.18 ,0,0,BX,0,
319,"SYRINGE, LUER LOCK, STERILE, 20ML (100/BX)",GENERAL,MCKESSON,16-S20C,BX, $ 17.58 ,100, $ 0.18 ,0,0,BX,0,
320,"SYRINGE, LUER LOCK, STERILE, 20ML (40/BX)",GENERAL,MEDLINE,SYR120010Z,BX, $ 6.77 ,40, $ 0.17 ,1,2,BX,,
321,"SYRINGE, LUER LOCK, STERILE, 30ML (50/BX)",GENERAL,SCHEIN,1126153,BX, $ 13.88 ,50, $ 0.28 ,0,0,BX,0,
322,"SYRINGE, LUER LOCK, STERILE, 30ML (100/BX)",GENERAL,MCKESSON,16-S30C,BX, $ 27.54 ,100, $ 0.28 ,0,0,BX,0,
323,"SYRINGE, LUER LOCK, STERILE, 30ML (40/BX)",GENERAL,MEDLINE,SYR130010Z,BX, $ 8.34 ,40, $ 0.21 ,1,2,BX,,
324,"SYRINGE, LUER LOCK, STERILE, 60ML (40/BX)",GENERAL,MEDLINE,SYR160010Z,BX, $ 13.05 ,40, $ 0.33 ,0,0,BX,0,
325,"SYRINGE, LUER LOCK, STERILE, 60ML (50/BX)",GENERAL,SCHEIN,1126152,BX, $ 19.92 ,50, $ 0.40 ,0,0,BX,0,
326,"SYRINGE, LUER LOCK, STERILE, 60ML (25/BX)",GENERAL,MCKESSON,102-S60C,BX, $ 9.24 ,25, $ 0.37 ,1,1,BX,0,
327,"TAG, SEAL, SAFETY CONTROL, RED W/NUMB (100/BX)",GENERAL,MEDLINE,OMD484107R,BX, $ 33.39 ,100, $ 0.33 ,0,0,BX,0,
328,"TAG, SEAL, SAFETY CONTROL, RED W/NUMB (100/BX)",GENERAL,MCKESSON,484107-R,BX, $ 26.31 ,100, $ 0.26 ,1,1,BX,0,
329,"TAPE, PAPER, HYPO, 1X10YD, (12/BX)",GENERAL,MEDLINE,NON270001Z,BX, $ 5.17 ,12, $ 0.43 ,0,0,BX,0,
330,"TAPE, PAPER, HYPO, 1X10YD, (12/BX)",GENERAL,SCHEIN,1019673,BX, $ 4.98 ,12, $ 0.42 ,0,0,BX,0,
331,"TAPE, PAPER, HYPO, 1X10YD, (12/BX)",GENERAL,MCKESSON,16-47310,BX, $ 4.95 ,12, $ 0.41 ,1,1,BX,0,
332,"TEMPERATURE PROBE COVER (250/BX, 5/CS)",GENERAL,MEDLINE,W-A05031125, CS, $ 44.00 ,1250, $ 0.04 ,0,0, CS,0,
333,"TEMPERATURE PROBE COVER (250/BX, 5/CS)",GENERAL,SCHEIN,5660460,BX, $ 8.18 ,250, $ 0.03 ,0,0,BX,0,
334,"TEMPERATURE PROBE COVER (250/BX, 5/CS)",GENERAL,MCKESSON,05031-750,BX, $ 7.95 ,250, $ 0.03 ,1,1,BX,0,
335,"TOURNIQUET BAND, 18"" x 1"", POLYISOPRENE (100/BX)",GENERAL,SCHEIN,9330168,BX, $ 8.49 ,100, $ 0.08 ,0,0,BX,0,
336,"TOURNIQUET BAND, 18"" x 1"", POLYISOPRENE (250/BX)",GENERAL,MCKESSON,464713, BX , $ 20.75 ,250, $ 0.08 ,0,0, BX ,0,
337,"URINAL, FEMALE, 32 OZ, W/ COVER, DISPOSABLE (1 EA)",GENERAL,MCKESSON,449472, EA , $ 5.15 ,1, $ 5.15 ,1,1, EA ,0,
338,"URINAL, MALE, 32 OZ, W/ COVER, DISPOSABLE (1 EA)",GENERAL,MCKESSON,1020361, EA , $ 0.54 ,1, $ 0.54 ,1,1, EA ,0,
339,"VENTOLIN HFA INHALER, 8GM, 60 DOSE",GENERAL,MEDLINE,0173-0682-21,EA, $ 25.39 ,1, $ 25.39 ,0,0,EA,0,
340,"VENTOLIN HFA INHALER, 8GM, 60 DOSE",GENERAL,SCHEIN,2283341,EA, $ 24.71 ,1, $ 24.71 ,1,1,EA,0,
341,"VENTOLIN HFA INHALER, 8GM, 60 DOSE",GENERAL,MCKESSON,00173068224,EA, $ 26.61 ,1, $ 26.61 ,0,0,EA,0,
342,"VOMIT BAG, EMESIS (1 EA)",GENERAL,MEDLINE,NON70600H, EA , $ 0.78 ,1, $ 0.78 ,3,3, EA ,0,
343,"WATER, DILUENT, STERILE, USP, 10 ML, SDV, PF (25/BX)",GENERAL,MEDLINE,ABB048871010Z,BX, $ 31.56 ,25, $ 1.26 ,0,0,BX,0,
344,"WATER, DILUENT, STERILE, USP, 10 ML, SDV, PF (25/BX)",GENERAL,SCHEIN,1047823,BX, $ 25.40 ,25, $ 1.02 ,0,0,BX,0,
345,"WATER, DILUENT, STERILE, USP, 10 ML, SDV, PF (25/BX)",GENERAL,MCKESSON,409488710,BX, $ 23.59 ,25, $ 0.94 ,1,1,BX,0,
346,"WATER, DISTILLED, 3 LITER, (4/CS)",GENERAL,MEDLINE,MDHDISWATER,CS, $ 11.29 ,4, $ 2.82 ,0,0,CS,0,
347,"WATER, DISTILLED, 3 LITER, (4/CS)",GENERAL,SCHEIN,1126983,CS, $ 9.18 ,4, $ 2.30 ,0,0,CS,0,
348,"WATER, DISTILLED, 1 GALLON (3/CS)",GENERAL,MCKESSON,0-52241-78001,CS, $ 8.29 ,3, $ 2.76 ,1,1,CS,0,
349,"WIPE, ALCOHOL, (135/BX, 12/CS)",GENERAL,MEDLINE,MSC351500H,BX, $ 5.63 ,1, $ 5.63 ,0,0,BX,0,
350,"WIPE, ALCOHOL, (135/BX, 12/CS)",GENERAL,SCHEIN,6108876,BX, $ 4.94 ,1, $ 4.94 ,0,0,BX,0,
351,"WIPE, ALCOHOL, (135/BX, 12/CS)",GENERAL,MCKESSON,642391,BX, $ 4.48 ,1, $ 4.48 ,1,3,BX,0,
352,"WIPE, GERM, (160/BX, 12/CS)",GENERAL,MEDLINE,MSC351201H,CS, $ 70.03 ,1920, $ 0.04 ,0,0,CS,0,
353,"WIPE, GERM, (160/BX, 12/CS)",GENERAL,SCHEIN,2670721,BX, $ 5.38 ,160, $ 0.03 ,0,0,BX,0,
354,"WIPE, GERM, (160/BX, 12/CS)",GENERAL,MCKESSON,370845,BX, $ 4.82 ,160, $ 0.03 ,1,3,BX,0,
355,"CATHETER, EPIDURAL, SNAPLOCK ADAPTER, 19G (20/BX)",PAQUETTE,MEDLINE,ARWEC05000, BX, $ 744.13 ,20, $ 37.21 ,0,0, BX,0,
356,"CATHETER, EPIDURAL, SNAPLOCK ADAPTER, 19G (20/BX)",PAQUETTE,SCHEIN,1144567, BX, $ 519.91 ,20, $ 26.00 ,1,1, BX,0,
357,"CATHETER, EPIDURAL, SNAPLOCK ADAPTER, 19G (10/BX)",PAQUETTE,MCKESSON,355785, BX, $ 563.69 ,10, $ 56.37 ,0,0, BX,0,
358,"DRAPE, C-ARM, 41 X 40 (1 EA)",PAQUETTE,MEDLINE,QTX300209H,EA, $ 5.90 ,1, $ 5.90 ,0,0,EA,0,
359,"DRAPE, C-ARM, 41 X 74 (20/BX)",PAQUETTE,SCHEIN,8310294,EA, $ 3.55 ,1, $ 3.55 ,5,5,EA,0,
360,"DRAPE, C-ARM, 42 X 74 (20/BX)",PAQUETTE,MCKESSON,10132,BX, $ 68.90 ,20, $ 3.45 ,0,0,BX,0,
361,"DRAPE, THREE-QUARTER, SURG, STERILE, 53 X 77 (20/BX)",PAQUETTE,MEDLINE,DYNJP2414R,BX, $ 39.19 ,20, $ 1.96 ,0,0,BX,0,
362,"DRAPE, THREE-QUARTER, SURG, STERILE, 53 X 77 (20/BX)",PAQUETTE,SCHEIN,8310335,BX, $ 37.60 ,20, $ 1.88 ,1,1,BX,0,
363,"KENALOG-40, 40MG, 10ML VL (1 EA)",PAQUETTE,SCHEIN,1969429, EA, $ 55.53 ,1, $ 55.53 ,5,0, EA,0,
364,"KENALOG-40, 40MG, 10ML VL (1 EA)",PAQUETTE,MEDLINE,0003-0293-28, EA, $ 83.56 ,1, $ 83.56 ,0,0, EA,0,
365,"KENALOG-40, 40MG, 10ML VL (1 EA)",PAQUETTE,MCKESSON,029328,EA, $ 73.56 ,1, $ 73.56 ,0,0,EA,0,
366,"LANCET, SAFETY, 21G, 2.2 MM, PRESSURE (100/BX)",PAQUETTE,MEDLINE,MPHPRESS21Z,BX, $ 9.76 ,100, $ 0.10 ,0,0,BX,0,
367,"LANCET, SAFETY, 21G, 2.2 MM, PRESSURE (100/BX)",PAQUETTE,SCHEIN,9007980,BX, $ 6.92 ,100, $ 0.07 ,1,1,BX,0,
368,"LANCET, SAFETY, 21G, 2.2 MM, PRESSURE (100/BX)",PAQUETTE,MCKESSON,16-PASL21G,BX, $ 8.36 ,100, $ 0.08 ,0,0,BX,0,
369,"MARCAINE, 0.25%, SDV, 30 ML (10/BX)",PAQUETTE,MEDLINE,0409-1559-30,BX, $ 77.30 ,10, $ 7.73 ,0,0,BX,1,Nationally Back ordered by manufacturer
370,"MARCAINE, 0.25%, SDV, 30 ML (10/BX)",PAQUETTE,SCHEIN,6311958,BX, $ 38.44 ,10, $ 3.84 ,1,0,BX,0,
371,"MARCAINE, 0.25%, SDV, 30 ML (10/BX)",PAQUETTE,MCKESSON,00409155930,BX, $ 44.77 ,10, $ 4.48 ,0,0,BX,0,
372,"MARCAINE, 0.5%, PF SDV, 30 ML (10/BX)",PAQUETTE,MEDLINE,0409-1560-29,BX, $ 49.30 ,10, $ 4.93 ,0,0,BX,1,Nationally Back ordered by manufacturer
373,"MARCAINE, 0.5%, PF SDV, 30 ML (10/BX)",PAQUETTE,SCHEIN,2583659,EA, $ 5.39 ,1, $ 5.39 ,0,0,EA,0,
374,"MARCAINE, 0.5%, PF SDV, 30 ML (10/BX)",PAQUETTE,MCKESSON,00409156029,EA, $ 4.45 ,1, $ 4.45 ,1,0,EA,0,
375,"NEEDLE, 22G X 3.5, QUINCKE (25/BX)",PAQUETTE,MEDLINE,PAIN8017,BX, $ 32.37 ,25, $ 1.29 ,1,1,BX,0,
376,"NEEDLE, 22G X 3.5, QUINCKE (25/BX)",PAQUETTE,SCHEIN,1141528,BX, $ 130.84 ,25, $ 5.23 ,0,0,BX,0,
377,"NEEDLE, 22G X 3.5, QUINCKE (25/BX)",PAQUETTE,MCKESSON,18336,BX, $ 95.42 ,25, $ 3.82 ,0,0,BX,0,
378,"NEEDLE, 22G X 5, QUINCKE (25/BX)",PAQUETTE,MEDLINE,PAIN8023,BX, $ 61.97 ,25, $ 2.48 ,1,1,BX,0,
379,"NEEDLE, 22G X 5, QUINCKE (25/BX)",PAQUETTE,SCHEIN,1140201,BX, $ 380.81 ,25, $ 15.23 ,0,0,BX,0,
380,"NEEDLE, 22G X 5, QUINCKE (25/BX)",PAQUETTE,MCKESSON,183A026,BX, $ 190.91 ,25, $ 7.64 ,0,0,BX,0,
381,"NEEDLE, 22G X 6, QUINCKE (25/BX)",PAQUETTE,MCKESSON,18397,BX, $ 310.98 ,25, $ 12.44 ,1,0,BX,0,
382,"NEEDLE, 22G X 6, QUINCKE (25/BX)",PAQUETTE,SCHEIN,1142837,BX, $ 311.48 ,25, $ 12.46 ,0,0,BX,0,
383,"NEEDLE, 22G X 7, QUINCKE (25/BX)",PAQUETTE,MEDLINE,PAIN8024,BX, $ 76.26 ,25, $ 3.05 ,1,0,BX,0,
384,"NEEDLE, 25G X 3.5, QUINCKE (25/BX)",PAQUETTE,MEDLINE,PAIN8018,BX, $ 32.93 ,25, $ 1.32 ,1,1,BX,0,
385,"NEEDLE, 25G X 3.5, QUINCKE (25/BX)",PAQUETTE,SCHEIN,1140308,BX, $ 123.13 ,25, $ 4.93 ,0,0,BX,0,
386,"NEEDLE, 25G X 3.5, QUINCKE (25/BX)",PAQUETTE,MCKESSON,183A39,BX, $ 99.17 ,25, $ 3.97 ,0,0,BX,0,
387,"NEEDLE, 25G X 5, QUINCKE (25/BX)",PAQUETTE,MEDLINE,PAIN8025,BX, $ 59.86 ,25, $ 2.39 ,1,0,BX,0,
388,"NEEDLE, 25G X 5, QUINCKE (25/BX)",PAQUETTE,SCHEIN,1146305,BX, $ 349.15 ,25, $ 13.97 ,0,0,BX,0,
389,"NEEDLE, 25G X 5, QUINCKE (25/BX)",PAQUETTE,MCKESSON,183A022,BX, $ 348.58 ,25, $ 13.94 ,0,0,BX,0,
390,"NEEDLE, EPIDURAL, 17G X 3.5 TUOHY, (25/BX)",PAQUETTE,MEDLINE,PAIN8001,BX, $ 89.88 ,25, $ 3.60 ,1,1,BX,0,
391,"NEEDLE, EPIDURAL, 17G X 3.5 TUOHY, (25/BX)",PAQUETTE,SCHEIN,1144193,BX, $ 245.64 ,25, $ 9.83 ,0,0,BX,0,
392,"NEEDLE, EPIDURAL, 17G X 3.5 TUOHY, (25/BX)",PAQUETTE,MCKESSON,183A06,BX, $ 343.53 ,25, $ 13.74 ,0,0,BX,0,
393,"NEEDLE, EPIDURAL, 17G X 5, TUOHY (25/BX)",PAQUETTE,MEDLINE,PAIN8002,BX, $ 140.76 ,25, $ 5.63 ,1,0,BX,0,
394,"NEEDLE, EPIDURAL, 17G X 5, TUOHY (25/BX)",PAQUETTE,SCHEIN,6430101,BX, $ 235.99 ,25, $ 9.44 ,0,0,BX,0,
395,"NEEDLE, EPIDURAL, 17G X 5, TUOHY (25/BX)",PAQUETTE,MCKESSON,183A25,BX, $ 235.61 ,25, $ 9.42 ,0,0,BX,0,
396,"NEEDLE, EPIDURAL, 17G X 6, TUOHY, DISP, FXD WNG (10/BX)",PAQUETTE,MEDLINE,VIDRP1706A,BX, $ 92.53 ,10, $ 9.25 ,1,0,BX,0,
397,"NEEDLE, EPIDURAL, 17G X 6, TUOHY, DISP, FXD WNG (10/BX)",PAQUETTE,SCHEIN,1162647,BX, $ 96.35 ,10, $ 9.64 ,0,0,BX,0,
398,"NEEDLE, EPIDURAL, 20G x 3.5, TUOHY (25/BX)",PAQUETTE,MCKESSON,332168,BX, $ 185.29 ,25, $ 7.41 ,1,0,BX,0,
399,"NEEDLE, EPIDURAL, 20G x 3.5, TUOHY (25/BX)",PAQUETTE,SCHEIN,1012705,BX, $ 193.81 ,25, $ 7.75 ,0,0,BX,0,
400,"NEEDLE, EPIDURAL, 20G X 5, TUOHY, DISP, REM WNG (10/BX)",PAQUETTE,SCHEIN,1162653,BX, $ 80.67 ,10, $ 8.07 ,1,0,BX,0,
401,"NEEDLE, EPIDURAL, 20G X 5, TUOHY, DISP, REM WNG (10/BX)",PAQUETTE,MEDLINE,VIDRP2005RW,BX, $ 93.09 ,10, $ 9.31 ,0,0,BX,0,
402,"NEEDLE, EPIDURAL, 20G X 5, TUOHY, DISP, REM WNG (10/BX)",PAQUETTE,MCKESSON,PITRW2050,BX, $ 94.82 ,10, $ 9.48 ,0,0,BX,0,
403,"NEEDLE, EPIDURAL, 22G X 3.5, TUOHY (25/BX)",PAQUETTE,MEDLINE,PAIN8013,BX, $ 84.63 ,25, $ 3.39 ,1,1,BX,0,
404,"NEEDLE, EPIDURAL, 22G X 3.5, TUOHY (25/BX)",PAQUETTE,SCHEIN,1161507,BX, $ 230.93 ,25, $ 9.24 ,0,0,BX,0,
405,"NEEDLE, EPIDURAL, 22G X 3.5, TUOHY (25/BX)",PAQUETTE,MCKESSON,183107,BX, $ 230.55 ,25, $ 9.22 ,0,0,BX,0,
406,"PAD, GROUNDING, OWL, PATIENT, NON-CORDED (20/CS)",PAQUETTE,MEDLINE,PYSD7506NC,CS, $ 135.85 ,20, $ 6.79 ,0,0,CS,0,
407,"PAD, GROUNDING, W CORD, CONNECTING, TO A1250 & A2100 (1 EA)",PAQUETTE,MEDLINE,ARNA1252C,EA, $ 36.00 ,1, $ 36.00 ,0,0,EA,0,
408,"PAD, GROUNDING, OWL, PATIENT, WITH CORD (10/CS)",PAQUETTE,SCHEIN,1162613,CS, $ 90.44 ,10, $ 9.04 ,0,0,CS,0,
409,"PAD, GROUNDING, W/ CORD, CONNECTING, TO A1250 & A2250 (1 EA)",PAQUETTE,SCHEIN,4800840,EA, $ 69.96 ,1, $ 69.96 ,0,0,EA,0,
410,"PAD, GROUNDING, OWL, PATIENT, WITH CORD (10/CS)",PAQUETTE,MCKESSON,22-ESREC,EA, $ 2.36 ,1, $ 2.36 ,1,0,EA,0,
411,"PAD, GROUNDING, OWL, PATIENT, WITH CORD (10/CS)",PAQUETTE,MCKESSON,D7506,CS, $ 90.29 ,10, $ 9.03 ,0,0,CS,0,
412,"SYRINGE, EPIDURAL, 7 ML, L.O.R., EPILOR, L (10/BX)",PAQUETTE,SCHEIN,7730109,BX, $ 42.45 ,10, $ 4.25 ,0,0,BX,0,
413,"SYRINGE, EPIDURAL, 7 ML, L.O.R., EPILOR, L (10/BX)",PAQUETTE,MEDLINE,B-D405291Z,BX, $ 42.72 ,10, $ 4.27 ,0,0,BX,0,
414,"SYRINGE, EPIDURAL, 7 ML, L.O.R., EPILOR, L (10/BX)",PAQUETTE,MCKESSON,405291,BX, $ 42.64 ,10, $ 4.26 ,0,0,BX,0,
415,"SYRINGE, EPIDURAL, 8 ML, L.O.R., PERIFIX, L (50/BX)",PAQUETTE,MEDLINE,BMG332152,BX, $ 109.92 ,50, $ 2.20 ,0,0,BX,0,
416,"SYRINGE, EPIDURAL, 8 ML, L.O.R., PERIFIX, L (50/BX)",PAQUETTE,SCHEIN,6503104,BX, $ 99.55 ,50, $ 1.99 ,0,0,BX,0,
417,"SYRINGE, EPIDURAL, 8 ML, L.O.R., PERIFIX, L (50/BX)",PAQUETTE,MCKESSON,299950,BX, $ 98.29 ,50, $ 1.97 ,1,1,BX,0,
418,"TRAY, UNIVERSAL BLOCK W/EXT (20/CS)",PAQUETTE,MEDLINE,PAIN9013S, CS, $ 114.84 ,20, $ 5.74 ,1,1, CS,0,
419,"TRAY, UNIVERSAL BLOCK W/EXT (20/CS)",PAQUETTE,MEDLINE,PAIN0609,CS, $ 114.85 ,20, $ 5.74 ,0,0,CS,0,
420,"TRAY, EPIDURAL, SINGLE SHOT, NO NDL (20/CS)",PAQUETTE,MEDLINE,PAIN9011S, CS, $ 136.97 ,20, $ 6.85 ,0,1, CS,0,
421,"CANNULA, CO2 SAMPLING, NASAL, ADULT, 1.5' (25/BX)",ANESTHESIA,MEDLINE,HCS4561,BX, $ 52.65 ,25, $ 2.11 ,1,0,BX,0,
422,"CANNULA, CO2 SAMPLING, NASAL, ADULT, 4' (25/BX)",ANESTHESIA,SCHEIN,1169667,BX, $ 81.81 ,25, $ 3.27 ,0,0,BX,0,
423,"CANNULA, NASAL, ADULT, 7' (50/BX)",ANESTHESIA,MEDLINE,HCSS4514S,BX, $ 20.75 ,50, $ 0.42 ,0,0,BX,0,
424,"CANNULA, NASAL, ADULT, 7' (50/BX)",ANESTHESIA,SCHEIN,1411173,BX, $ 15.50 ,50, $ 0.31 ,0,0,BX,0,
425,"CANNULA, NASAL, ADULT, 7' (50/BX)",ANESTHESIA,MCKESSON,32637,BX, $ 15.31 ,50, $ 0.31 ,1,0,BX,0,
426,"CANNULA, SMARTIP, MED-PREP (80/BX)",ANESTHESIA,MEDLINE,KDL1540122Z,BX, $ 21.63 ,80, $ 0.27 ,0,0,BX,0,
427,"CANNULA, SMARTIP, MED-PREP (100/BX)",ANESTHESIA,SCHEIN,3620002,BX, $ 17.86 ,100, $ 0.18 ,1,0,BX,0,
428,"CANNULA, SMARTIP, MED-PREP (100/BX)",ANESTHESIA,MCKESSON,8881540111,BX, $ 19.61 ,100, $ 0.20 ,0,0,BX,0,
429,"ENDOTRACH, ISIS HVT CUFFED 6.5 (10/CS)",ANESTHESIA,MEDLINE,HUD513013,CS, $ 22.42 ,10, $ 2.24 ,,0,CS,0,
430,"DBD-TUBE,  ENDOTRACH CUFF 5.0MM (1 EA)",ANESTHESIA,MEDLINE,RSH504550H,EA, $ 3.02 ,1, $ 3.02 ,,0,EA,0,
431,"DBD-TUBE,ENDOTRACH,CUFF,ORAL,7.0 MM (1 EA)",ANESTHESIA,MEDLINE,HUD512514H,EA, $ 33.24 ,1, $ 33.24 ,,0,EA,0,
432,Tube Clear+ FlexiSet ET LF Cuff Murph Or/Nas Styl 6.5mm (1 EA),ANESTHESIA,SCHEIN,8262743,EA, $ 4.83 ,1, $ 4.83 ,0,0,EA,0,
433,"Tube, Endotrach Cuff Wstylette6.5mm (10/BX) Telflx",ANESTHESIA,MCKESSON,504565,EA, $ 3.09 ,1, $ 3.09 ,0,0,EA,0,
434,"Tube, Murphy Trach Cuff 6.5mm (10/BX) Telflx",ANESTHESIA,MCKESSON,5-10313,EA, $ 1.97 ,1, $ 1.97 ,1,0,EA,0,
435,Tube Sheridan HVT ET LF Lo Cf Murphy Eye Oral/ Nasal 6.5mm (10/CS),ANESTHESIA,SCHEIN,8909504,CS, $ 27.16 ,10, $ 2.72 ,,0,CS,0,
436,Tube Clear+ FlexiSet ET LF Cuff Murph Or/Nas Styl 6mm (1 EA),ANESTHESIA,SCHEIN,8266219,EA, $ 4.83 ,1, $ 4.83 ,0,0,EA,0,
437,"Tube, Endotrach Cuff W/stylette 6.0mm (10/BX) Telflx",ANESTHESIA,MCKESSON,504560,EA, $ 3.09 ,1, $ 3.09 ,1,0,EA,0,
438,"LABEL, VERSED, ANESTHESIA, ORANGE, .5 X .5 (1 EA)",ANESTHESIA,MEDLINE,PDC59727061,EA, $ 15.25 ,1, $ 15.25 ,0,0,EA,0,
439,"LABEL, VERSED, ANESTHESIA, ORANGE, .5 X .5 (1 EA)",ANESTHESIA,SCHEIN,1135433,EA, $ 6.41 ,1, $ 6.41 ,0,0,EA,0,
440,"LABEL, VERSED, ANESTHESIA, ORANGE, .5 X .5 (1 EA)",ANESTHESIA,MCKESSON,AN-149,EA, $ 3.62 ,1, $ 3.62 ,1,0,EA,0,
441,"LABEL, FENTANYL, BLUE (1000/BX)",ANESTHESIA,MEDLINE,PDC59705172,BX, $ 15.25 ,1000, $ 0.02 ,0,0,BX,0,
442,"LABEL, FENTANYL, BLUE (600/BX)",ANESTHESIA,SCHEIN,1145904,BX, $ 6.41 ,600, $ 0.01 ,0,0,BX,0,
443,"LABEL, FENTANYL, BLUE (500/BX)",ANESTHESIA,MCKESSON,AN-7,BX, $ 3.62 ,500, $ 0.01 ,1,0,BX,0,
444,"BANDAGE, SKIN CLOSURE STRIP, 0.5 X 4 (50/BX)",BROOKS,SCHEIN,1537902,BX, $ 52.76 ,50, $ 1.06 ,0,0,BX,0,
445,"BANDAGE, SKIN CLOSURE STRIP, 0.5 X 4 (50/BX)",BROOKS,MCKESSON,459362, BX , $ 45.08 ,50, $ 0.90 ,1,0, BX ,0,
446,"BANDAGE, CLOSURE SKIN, STRIP, WOUND,1/4X3 9 (150/BX) ",BROOKS,MEDLINE,NON250314Z, BX , $ 56.01 ,150, $ 0.37 ,0,0, BX ,0,
447,"BANDAGE, CLOSURE SKIN, Steri-strip 1/4x3 white (50/BX)",BROOKS,SCHEIN,7776538, BX , $ 41.46 ,50, $ 0.83 ,0,0, BX ,0,
448,"BANDAGE, CLOSURE SKIN FLEX LF TAN 1/4X3"" (50/BX)",BROOKS,MCKESSON,876300, BX , $ 41.08 ,50, $ 0.82 ,1,0, BX ,0,
449,"BANDAGE, ELASTIC, 4 X 5 YRDS, NS (10/BX)",BROOKS,SCHEIN,9004683,BX, $ 8.18 ,10, $ 0.82 ,1,0,BX,0,
450,"BANDAGE, ELASTIC, 4 X 5 YRDS, NS (10/BX)",BROOKS,MCKESSON,454620, BX , $ 8.29 ,10, $ 0.83 ,0,0, BX ,0,
451,"BANDAGE, ELASTIC, 6 X 5 YRDS, NS (10/BX)",BROOKS,SCHEIN,9004684,BX, $ 10.71 ,10, $ 1.07 ,1,0,BX,0,
452,"BANDAGE, ELASTIC, 6 X 5 YRDS, NS (10/BX)",BROOKS,MCKESSON,454621, BX , $ 11.80 ,10, $ 1.18 ,0,0, BX ,0,
453,Bupivacaine Epinephrine USP Inj MDV FTV 0.5% 1:200m 50mL/Vl,BROOKS,SCHEIN,1111133,EA, $ 6.52 ,1, $ 6.52 ,0,0,EA,0,
454,"Bupivacaine +epi, Ftv 0.5% 50ml (25/CS) Hospra",BROOKS,MCKESSON,467254,EA, $ 6.78 ,1, $ 6.78 ,1,0,EA,0,
455,Cleaner Transeptic Witch Hazel BZK Pro 8-1/2oz Spray Bottle (1 EA),BROOKS,SCHEIN,7274217,EA, $ 4.97 ,1, $ 4.97 ,1,0,EA,0,
456,"Cleaner, Transducer Transept 250ml (12/bx) Pkrlab",BROOKS,MCKESSON,192560,EA, $ 7.42 ,1, $ 7.42 ,0,0,EA,0,
457,"CONTAINER, EMPTY STR 30ML (50/BX)  ORDER THIS",BROOKS,SCHEIN,2580127, BX , $ 72.95 ,50, $ 1.46 ,0,0, BX ,0,
458,"CONTAINER, EMPTY STR 30ML (25/BX)",BROOKS,MCKESSON,243268, BX , $ 52.37 ,25, $ 2.09 ,1,0, BX ,0,
459,"Drape 40x48"" Choice Exam Sheet White LF Disposable (100/CS)",BROOKS,SCHEIN,1001797,CS, $ 12.17 ,100, $ 0.12 ,1,0,CS,0,
460,Drape 2ply Econ Wht 40x48 (100/CS) Mgm18,BROOKS,MCKESSON,201055,CS, $ 13.46 ,100, $ 0.13 ,0,0,CS,0,
461,"Dressing, Gauze Sponge HSI NS Cotton 4x4"" 12 Ply (200/BG)",BROOKS,SCHEIN,1001444,BG, $ 4.16 ,200, $ 0.02 ,1,0,BG,0,
462,"Dressing, Gauze Sponges 4""x4"" 12ply N/s (200/BG) Mgm16",BROOKS,MCKESSON,440343,BG, $ 4.38 ,200, $ 0.02 ,0,0,BG,0,
463,"Dressing, Non-Adherent Pads, Sterile, 3""x4"", (100/BX)",BROOKS,SCHEIN,8902865,BX, $ 12.58 ,100, $ 0.13 ,0,0,BX,0,
464,"Dressing, Non-Adherent Pads, Sterile, 3""x4"", (100/BX)",BROOKS,MCKESSON,373777, BX , $ 6.59 ,100, $ 0.07 ,1,0, BX ,0,
465,"Dressing, Non-Adherent Pads, Sterile, 2""x3"", (100/BX)",BROOKS,SCHEIN,8900899,BX, $ 7.79 ,100, $ 0.08 ,0,0,BX,0,
466,"Dressing, Non-Adherent Pads, Sterile, 2""x3"", (100/BX)",BROOKS,MCKESSON,373768, BX , $ 4.93 ,100, $ 0.05 ,1,0, BX ,0,
467,"Dressing, Transparent, Teraderm, 4""x4.75"", (50/BX)",BROOKS,SCHEIN,7779551, BX , $ 46.16 ,50, $ 0.92 ,0,0, BX ,0,
468,"Dressing, Transparent, Teraderm, 4""x4.75"", (50/BX)",BROOKS,MCKESSON,886409,BX, $ 35.16 ,50, $ 0.70 ,1,0,BX,0,
469,"Dressing, Transparent, Teraderm, 2.5""x2.75"", (20/BX)",BROOKS,SCHEIN,7776660,BX, $ 8.62 ,20, $ 0.43 ,0,0,BX,0,
470,"Dressing, Transparent, Teraderm, 2.5""x2.75"", (20/BX)",BROOKS,MCKESSON,165590, BX , $ 7.70 ,20, $ 0.39 ,1,0, BX ,0,
471,Hydrocodone W/Apap Tablets 5/325MG (100/BT),BROOKS,SCHEIN,2770520, BT , $ 5.67 ,100, $ 0.06 ,1,0, BT ,0,
472,"HYDROCODONE +APAP, TAB 5/325MG (100/BT)",BROOKS,MCKESSON,934639, BT , $ 14.10 ,100, $ 0.14 ,0,0, BT ,0,
473,Ibuprofen Tablets 600MG (500/BT),BROOKS,SCHEIN,1278845, BT , $ 18.81 ,500, $ 0.04 ,1,0, BT ,0,
474,"IBUPROFEN, TABLETS 600 MG (500/BT)",BROOKS,MCKESSON,709480, BT , $ 40.79 ,500, $ 0.08 ,0,0, BT ,0,
475,Lidocaine Inj 1% With Epinephrine MDV 1:100M 50mL (25/BX),BROOKS,SCHEIN,1047099,BX, $ 82.75 ,25, $ 3.31 ,1,0,BX,2,Nationally Back ordered by manufacturer
476,"Lidocaine Hcl +epi, Ftv 1% 50ml (25/BX) Hospra",BROOKS,MCKESSON,747088,BX, $ 86.34 ,25, $ 3.45 ,0,0,BX,0,
477,Lorazepam Tablets 1MG (100/BT),BROOKS,SCHEIN,1266995, BT , $ 6.33 ,100, $ 0.06 ,0,0, BT ,0,
478,"LORAZEPAM, TAB 1MG (100/BT)   CIV",BROOKS,MCKESSON,463695, BT , $ 1.87 ,100, $ 0.02 ,1,0, BT ,0,
479,"Needle 32gx1/2"" TSK Steriject Spinal Fn PP Hub Reg (100/BX)",BROOKS,SCHEIN,7334395,BX, $ 22.80 ,100, $ 0.23 ,1,0,BX,0,
480,"Needle, Plas Hub 32gx1/2"" (100/BX) Airtit",BROOKS,MCKESSON,915801,BX, $ 32.94 ,100, $ 0.33 ,0,0,BX,0,
481,Nitro-Bid Ointment 2% 30gm/Tb,BROOKS,SCHEIN,1910001,EA, $ 37.36 ,1, $ 37.36 ,1,0,EA,0,
482,"Nitro-Bid, Oint 2% 30gm 9nycom",BROOKS,MCKESSON,690160,EA, $ 48.99 ,1, $ 48.99 ,0,0,EA,0,
483,"Probe Sheath Sheathes f/US 4x48"" Rolled Sterile LF (3/CS)",BROOKS,SCHEIN,1172373,CS, $ 199.16 ,3, $ 66.39 ,0,0,CS,0,
484,"Probe Cvr Kit, Ultrsd Lf Str 4""x48"" (10/BG, 3/CS) Sheath",BROOKS,MCKESSON,492708,BG, $ 345.99 ,10, $ 34.60 ,1,0,BG,0,
485,"PROBE COVER, NON-STERILE, 3.5""X12"" (75/BX)",BROOKS,SHEATHES,35301, BX ,,75, $ -   ,,0, BX ,0,
486,"PROCHLORPERAZINE, 1OMG TABS (100/BT)",BROOKS,SCHEIN,1263558,BT, $ 4.69 ,100, $ 0.05 ,1,0,BT,0,
487,"PROCHLORPERAZINE, 1OMG TABS (100/BT)",BROOKS,MCKESSON,720682, BT , $ 7.15 ,100, $ 0.07 ,0,0, BT ,0,
488,"Sodium Chloride 0.9%, INJECTION VIAL 30 ML (25/BX)",BROOKS,SCHEIN,1048583, BX , $ 26.00 ,25, $ 1.04 ,1,0, BX ,0,
489,"SODIUM CHLORIDE 0.9%, INJECTION VIAL 30ML  (20/BX)",BROOKS,MCKESSON,239930, BX , $ 267.20 ,20, $ 13.36 ,0,0, BX ,0,
490,"SOTRADECOL, 6% 10ML VIAL, TOTAL VEIN PHARMACY (1 EA)",BROOKS,TVP,,EA,,1, $ -   ,,0,EA,0,
491,"SUTURE, ABSORBABLE, PGA, 4-0, 75cm, VIOLET, FS-2(C-13)",BROOKS,AD SURGICAL,M-G430R19, BX , $ 33.50 ,12, $ 2.79 ,0,0, BX ,0,
492,"SUTURE, NONABSORBABLE, NYLON, 4-0, 75cm, BLACK, FS-2(C-13)",BROOKS,AD SURGICAL,M-N430R19, BX , $ 16.50 ,13, $ 1.27 ,1,0, BX ,0,
493,"UNDERPAD, ECON PROT PLUS  23X36 (150/CS)",BROOKS,MEDLINE,MSC281226,CS, $ 32.58 ,150, $ 0.22 ,?,0,CS,0,
494,"Underpad Protection  23x36"" Mod Blue (150/CS)",BROOKS,SCHEIN,6788620,CS, $ 23.74 ,150, $ 0.16 ,?,0,CS,0,
495,"UNDERPAD, Drisorb  Polymer  23x36""  Light  Absorbency Blue  (150/CS)",BROOKS,SCHEIN,6788620,CS, $ 40.29 ,150, $ 0.27 ,?,0,CS,0,
496,"Underpad, Lt Absrb Dry 23x36 (50/BG 15/CS) Mgm734   ORDER THIS",BROOKS,MCKESSON,494383,CS, $ 31.63 ,150, $ 0.21 ,?,0,CS,0,
497,Ultrasound GEL (1 EA),BROOKS,MCKESSON,875484,EA, $ 13.50 ,1, $ 13.50 ,?,0,EA,0,
498,"UNDERPAD, LT ABSRB STAY DRY 23X36  (10/BG 15/CS)",BROOKS,MCKESSON,724033, CS , $ 23.83 ,150, $ 0.16 ,?,0, CS ,0,
499,"MEDLINE, ABLATION SURGICAL PACK (10/CS)",BROOKS,MEDLINE,DYNJ48454,EA, $ 23.46 ,1, $ 23.46 ,?,0,EA,0,
500,"MEDLINE, TUMESCENCE SYRINGE KIT (10/BX)  order this",BROOKS,MEDLINE,DYNJTUMSYR,CS, $ 114.56 ,10, $ 11.46 ,?,0,CS,0,
501,"Custom Medical, Tubing for Tumescence Pump (25/BX)",BROOKS,CUS,CMS-1211,EA, $ 6.25 ,1, $ 6.25 ,?,0,EA,0,
502,"MERIT, 7F SHEATH INTRODUCER KIT (5/BX)",BROOKS,MERIT,K12-00201,BX, $ 85.00 ,5, $ 17.00 ,?,0,BX,0,
503,"MERIT, MICRO-INTRODUCER KIT (LIKE COOK) (10/BX)",BROOKS,MERIT,MAK501-E, EA , $ 18.00 ,10, $ 1.80 ,?,0, EA ,0,
504,"MERIT, TUMESCENCE SYRINGE KIT (15/BX)",BROOKS,Merit,K12-01575,EA, $ 8.50 ,15, $ 0.57 ,?,0,EA,0,
505,"MERIT, GLIDEWIRES 0.018"", 150cm, Angled, Hydrophilic (5/BX)",BROOKS,Merit,LWSTDA18150,BX, $ 225.00 ,5, $ 45.00 ,?,0,BX,0,
506,"MERIT, GLIDEWIRES 0.025"", 150cm, Angled, Hydrophilic (5/BX)",BROOKS,Merit,LWSTDA25150,BX, $ 225.00 ,5, $ 45.00 ,?,0,BX,0,
507,"VASC SOLN, CF Catheter 7Fr x 7cm x 60 cm, CF7-7-60 REPROCESSED",BROOKS,VASC SOLN,10-0881-02,EA, $ 250.00 ,1, $ 250.00 ,?,0,EA,0,
508,"VASC SOLN, CF Catheter 7Fr x 7cm x 100 cm, CF7-7-100 REPROCESSED",BROOKS,VASC SOLN,10-0881-03,EA, $ 250.00 ,1, $ 250.00 ,?,0,EA,0,
509,"VASC SOLN, CF Catheter 7Fr x 3cm x 60 cm, CF7-3-60 REPROCESSED",BROOKS,VASC SOLN,CPK54-11,EA, $ 250.00 ,1, $ 250.00 ,?,0,EA,0,
510,"BANDAGE, ELASTIC, SELF-CLOSING, 4 X 75, NS (12/BX)",WOLFSON,SCHEIN,2881622,BX, $ 9.12 ,12, $ 0.76 ,0,0,BX,0,
511,"BANDAGE, ELASTIC, SELF-CLOSING, 4 X 75, NS (1 EA)",WOLFSON,MCKESSON,16-1033-4,EA, $ 0.83 ,1, $ 0.83 ,1,0,EA,0,
512,"BANDAGE, ESMARK, BLUE, 6 X 3 YD, STERILE (1 EA)",WOLFSON,MEDLINE,INQ8363609H, EA, $ 3.26 ,1, $ 3.26 ,0,0, EA,0,
513,"BANDAGE, ESMARK, BLUE, 6 X 9 YD, STERILE (20/CS)",WOLFSON,SCHEIN,1130619,CS, $ 160.16 ,20, $ 8.01 ,0,0,CS,0,
514,"BANDAGE, ESMARK, BLUE, 6 X 3 YD, STERILE (1 EA)",WOLFSON,MCKESSON,16-50609,EA, $ 3.06 ,1, $ 3.06 ,1,0,EA,0,
515,"BANDAGE, ESMARK, BLUE, 4 X 3 YD, STERILE (20/CS)",WOLFSON,MCKESSON,16-50409,CS, $ 37.60 ,20, $ 1.88 ,,0,CS,0,
516,"BANDAGE, COHESIVE, NON STERILE, 4 X 5 YD, (18/CS)",WOLFSON,MEDLINE,PRM088004, CS, $ 20.26 ,18, $ 1.13 ,1,0, CS,0,
517,"BANDAGE, COHESIVE, STERILE, 4 X 5 YD (20/CS)",WOLFSON,MEDLINE,DYNJ088004, CS, $ 46.65 ,20, $ 2.33 ,0,0, CS,0,
518,"BANDAGE, COHESIVE, STERILE, 4 X 5 YD (18/CS)",WOLFSON,MCKESSON,16-53444,CS, $ 47.06 ,18, $ 2.61 ,0,0,CS,0,
519,"BLADE, CARBON-STEEL, #15, STRL, DISPOSABLE (100/BX)",WOLFSON,MEDLINE,MDS15015, BX, $ 16.52 ,100, $ 0.17 ,0,0, BX,0,
520,"BLADE, CARBON-STEEL, #15, STRL, DISPOSABLE (100/BX)",WOLFSON,MEDLINE,B-D371115H, EA, $ 0.37 ,1, $ 0.37 ,0,0, EA,0,
521,"BLADE, CARBON-STEEL, #15, STRL, DISPOSABLE (100/BX)",WOLFSON,MCKESSON,16-63715,BX, $ 14.92 ,100, $ 0.15 ,1,0,BX,0,
522,"BLANKET, COVER, WARMER FULL BODY (1 EA) ",WOLFSON,MEDLINE,AUG40068H, EA, $ 6.01 ,1, $ 6.01 ,1,0, EA,0,
523,"BLANKET, COVER, WARMER FULL BODY (1 EA) ",WOLFSON,MEDLINE,AUG31500H, EA, $ 6.07 ,1, $ 6.07 ,0,0, EA,0,
524,"BLANKET, SURGICAL, FULL BODY (1 EA)",WOLFSON,MEDLINE,AUG61000H,EA, $ 12.13 ,1, $ 12.13 ,0,0,EA,0,
525,"BLANKET, COVER, WARMER FULL BODY (10/BX) ",WOLFSON,SCHEIN,1234361,BX, $ 58.66 ,10, $ 5.87 ,0,0,BX,0,
526,"BRACE, KNEE, HINGED, WRAP, EXTRA LARGE (1 EA)",WOLFSON,MEDLINE,ORT23320XL,EA, $ 16.19 ,1, $ 16.19 ,?,0,EA,0,
527,"BRACE, KNEE, HINGED, WRAP, LARGE (1 EA)",WOLFSON,MEDLINE,ORT23320L,EA, $ 16.19 ,1, $ 16.19 ,?,0,EA,0,
528,"BRACE, KNEE, HINGED, WRAP, SMALL (1 EA)",WOLFSON,MEDLINE,ORT23320S,EA, $ 16.19 ,1, $ 16.19 ,?,0,EA,0,
529,"WRAP, KNEE, ARTHROSCOPY, POLAR ICE, LARGE (1 EA)",WOLFSON,MEDLINE,BMZ30104,EA, $ 24.75 ,1, $ 24.75 ,,0,EA,0,
530,"BRUSH, SCRUB, IMPREGNATED, 1% IODINE, PVP, BROWN (30/BX)",WOLFSON,SCHEIN,7803379,BX, $ 16.91 ,30, $ 0.56 ,1,0,BX,0,
531,"BRUSH, SCRUB, IMPREGNATED, 1% IODINE, PVP, BROWN (30/BX)",WOLFSON,MCKESSON,372053,BX, $ 29.11 ,30, $ 0.97 ,0,0,BX,0,
532,"BRUSH, SCRUB, IMPREGNATED, 15% IODINE, PVP, BROWN (30/BX)",WOLFSON,MEDLINE,DYND372053Z,BX, $ 15.74 ,30, $ 0.52 ,,0,BX,0,
533,"BRUSH, SCRUB, IMPREGNATED, 3% PCMX, BLUE (30/BX)",WOLFSON,MEDLINE,B-D371163Z,BX, $ 22.19 ,30, $ 0.74 ,0,0,BX,0,
534,"BRUSH, SCRUB, IMPREGNATED, 3.3% PCMX (30/BX)",WOLFSON,MEDLINE,DYND374081Z,BX, $ 18.61 ,30, $ 0.62 ,0,0,BX,0,
535,"BRUSH, SCRUB, IMPREGNATED, 3% PCMX, BLUE (30/BX)",WOLFSON,SCHEIN,9870287,BX, $ 14.34 ,30, $ 0.48 ,1,0,BX,0,
536,"BRUSH, SCRUB, IMPREGNATED, 3% PCMX, BLUE (30/BX)",WOLFSON,MCKESSON,371163,BX, $ 34.20 ,30, $ 1.14 ,0,0,BX,0,
537,CLAMP FOR DRAPE TOWEL (1 EA),WOLFSON,MEDLINE,DYNJDC01H,EA, $ 2.00 ,1, $ 2.00 ,1,0,EA,0,
538,CLAMP FOR DRAPE TOWEL (12/BX),WOLFSON,SCHEIN,2771147,BX, $ 28.25 ,12, $ 2.35 ,0,0,BX,0,
539,CLAMP FOR DRAPE TOWEL (12/BX),WOLFSON,MCKESSON,EG7-504,BX, $ 28.21 ,12, $ 2.35 ,0,0,BX,0,
540,"CLINDAMYCIN, SDV, 4 ML (25/BX)",WOLFSON,MEDLINE,25021-115-04,BX, $ 154.60 ,25, $ 6.18 ,0,0,BX,0,
541,"CLINDAMYCIN, SDV, 4 ML (25/BX)",WOLFSON,SCHEIN,1248403,BX, $ 85.01 ,25, $ 3.40 ,0,0,BX,0,
542,"CLINDAMYCIN, SDV, 4 ML (25/BX)",WOLFSON,MCKESSON,47781046068,BX, $ 79.15 ,25, $ 3.17 ,1,0,BX,0,
543,"STRIP, CLOSURE, SKIN, REINFORCED, 1 X 5 (10/PK, 25/BX)",WOLFSON,MEDLINE,MMMR1548Z,BX, $ 68.26 ,250, $ 0.27 ,0,0,BX,0,
544,"STRIP, CLOSURE, SKIN, REINFORCED, 1 X 5 (4/BX)",WOLFSON,MEDLINE,NON250501H,BX, $ 2.31 ,4, $ 0.58 ,0,0,BX,0,
545,"STRIP, CLOSURE, SKIN, REINFORCED, 1 X 5 (4/PK, 25/BX)",WOLFSON,SCHEIN,7778945,BX, $ 63.99 ,100, $ 0.64 ,0,0,BX,0,
546,"STRIP, CLOSURE, SKIN, REINFORCED, 1 X 5 (4/BX)",WOLFSON,MCKESSON,3011,BX, $ 2.07 ,4, $ 0.52 ,1,0,BX,0,
547,"STRIP, CLOSURE, SKIN, REINFORCED, .25 X 3 (10/PK, 50/BX)",WOLFSON,MEDLINE,MMMR1541Z,BX, $ 43.42 ,500, $ 0.09 ,0,0,BX,0,
548,"STRIP, CLOSURE, SKIN, REINFORCED, .25 X 3 (3/PK, 50/BX)",WOLFSON,SCHEIN,7776538,BX, $ 41.46 ,150, $ 0.28 ,0,0,BX,0,
549,"STRIP, CLOSURE, SKIN, REINFORCED, .25 X 3 (3/BX)",WOLFSON,MCKESSON,3007,BX, $ 0.59 ,3, $ 0.20 ,1,0,BX,0,
550,"COVER, BOOT, NON-SKID, XLG (50/BX)",WOLFSON,MEDLINE,NON27150XLZ, BX, $ 33.13 ,50, $ 0.66 ,1,0, BX,0,
551,"COVER, BOOT, NON-SKID, XLG (3/BX, 50/CS)",WOLFSON,SCHEIN,8002930,CS, $ 107.54 ,150, $ 0.72 ,0,0,CS,0,
552,"CUFF, TOURNIQUET, STER, DISP, DPSB, 18' (10/BX)",WOLFSON,SCHEIN,1193581,BX, $ 687.35 ,10, $ 68.74 ,0,0,BX,0,
553,"CUFF, TOURNIQUET, STER, DISP, DPSB, 18' (10/BX)",WOLFSON,MCKESSON,60707015300,BX, $ 643.99 ,10, $ 64.40 ,1,0,BX,0,
554,"CUFF, DISPOSABLE, STERILE, DPSB, 24' (1 EA)",WOLFSON,MEDLINE,ZIM707000400H, EA, $ 53.16 ,1, $ 53.16 ,0,0, EA,0,
555,"CUFF, TOURNIQUET, STER, DISP, DPSB, 24' (1 EA)",WOLFSON,MEDLINE,ZIM607070104H,EA, $ 53.13 ,1, $ 53.13 ,1,0,EA,0,
556,"CUFF, TOURNIQUET, STER, DISP, DPSB, 24' (10/BX)",WOLFSON,SCHEIN,1267806,BX, $ 735.29 ,10, $ 73.53 ,0,0,BX,0,
557,"CUFF, TOURNIQUET, STER, DISP, DPSB, 24' (10/BX)",WOLFSON,MCKESSON,60707015400,BX, $ 706.14 ,10, $ 70.61 ,0,0,BX,0,
558,"CUFF, DISPOSABLE, STERILE, DPSB, 30' (1 EA)",WOLFSON,MEDLINE,ZIM707000500H,EA, $ 56.74 ,1, $ 56.74 ,0,0,EA,0,
559,"CUFF, TOURNIQUET, STER, DISP, DPSB, 30' (1 EA)",WOLFSON,MEDLINE,ZIM607070105H,EA, $ 56.63 ,1, $ 56.63 ,1,0,EA,0,
560,"CUFF, TOURNIQUET, STER, DISP, DPSB, 34' (1 EA)",WOLFSON,MEDLINE,ZIM607070106H,EA, $ 96.95 ,1, $ 96.95 ,,0,EA,0,
561,"DRAPE, U-DRAPE, 48' X 52' (10/BX)",WOLFSON,MEDLINE,DYNJSD1015Z, BX, $ 33.01 ,10, $ 3.30 ,1,0, BX,0,
562,"DRAPE, U-DRAPE, 48' X 52' (10/BX)",WOLFSON,SCHEIN,8310323,BX, $ 38.54 ,10, $ 3.85 ,0,0,BX,0,
563,"DRAPE, LAPAROTOMY, STERILE 102"" x 78"" x 121"" (12/BX)",WOLFSON,MEDLINE,DYNJP3003,BX, $ 70.26 ,12, $ 5.86 ,1,0,BX,0,
564,"DRAPE, LAPAROTOMY, 102' x 121' x 78' (12/BX)",WOLFSON,SCHEIN,8310345,BX, $ 76.92 ,12, $ 6.41 ,0,0,BX,0,
565,"DRAPE, LAPAROTOMY, 76' x 120' (13/BX)",WOLFSON,MCKESSON,I80-05170G-S,BX, $ 81.88 ,13, $ 6.30 ,0,0,BX,0,
566,"DRAPE, ORTHO U, STERILE, 188 X 110 (18/BX)",WOLFSON,MCKESSON,1222-8710,BX, $ 132.84 ,18, $ 7.38 ,0,0,BX,0,
567,"DRAPE, ORTHO U, STERILE, 47 X 51 (18/BX)",WOLFSON,MCKESSON,1501-1015,BX, $ 112.85 ,18, $ 6.27 ,1,0,BX,0,
568,"DRAPE, ORTHO U, STERILE, 88 X 110 (18/BX)",WOLFSON,MEDLINE,WED12228710,BX, $ 214.48 ,18, $ 11.92 ,0,0,BX,0,
569,"DRAPE, ORTHO U, STERILE, 88 X 110 (18/BX)",WOLFSON,SCHEIN,1215949,BX, $ 139.57 ,18, $ 7.75 ,1,0,BX,0,
570,"DRAPE, ALL PURP, 60' x 76' (30/BX)",WOLFSON,MCKESSON,I80-12110G-S,BX, $ 79.68 ,30, $ 2.66 ,,0,BX,0,
571,"DRESSING, NON ADHERENT, 2x3 (100/BX)",WOLFSON,SCHEIN,8900899,BX, $ 7.79 ,100, $ 0.08 ,0,0,BX,0,
572,"DRESSING, NON ADHERENT, 2x3 (100/BX)",WOLFSON,MCKESSON,16-4292,BX, $ 4.93 ,100, $ 0.05 ,1,0,BX,0,
573,"DRESSING, TRNSPRNT, 2.375 X 2.75 (100/BX)",WOLFSON,MEDLINE,MSC2302,BX, $ 39.62 ,100, $ 0.40 ,0,0,BX,0,
574,"DRESSING, TRNSPRNT, 2.375 X 2.75 (100/BX)",WOLFSON,SCHEIN,1064261,BX, $ 40.18 ,100, $ 0.40 ,0,0,BX,0,
575,"DRESSING, TRNSPRNT, 2.375 X 2.75 (100/BX)",WOLFSON,MCKESSON,4985,BX, $ 26.34 ,100, $ 0.26 ,1,0,BX,0,
576,"DRESSING, GAUZE, PETROLATM, 3 X 36 (12/BX)",WOLFSON,MEDLINE,CUR251336Z,BX, $ 10.78 ,12, $ 0.90 ,0,0,BX,0,
577,"DRESSING, GAUZE, PETROLATM, 3 X 36 (1 EA)",WOLFSON,SCHEIN,1944525,EA, $ 1.06 ,1, $ 1.06 ,1,0,EA,0,
578,"DRESSING, GAUZE, PETROLATM, 3 X 36 (12/BX)",WOLFSON,MCKESSON,8884415600,BX, $ 13.68 ,12, $ 1.14 ,0,0,BX,0,
579,"DRESSING, TEGADERM+PAD, 3.5 X 4 (25/BX)",WOLFSON,MEDLINE,MMM3586Z,BX, $ 25.31 ,25, $ 1.01 ,1,0,BX,0,
580,"DRESSING, TEGADERM+PAD, 3.5 X 4 (25/BX)",WOLFSON,SCHEIN,7772234,BX, $ 26.04 ,25, $ 1.04 ,0,0,BX,0,
581,"DRESSING, TEGADERM+PAD, 3.5 X 4 (25/BX)",WOLFSON,MCKESSON,3586,BX, $ 26.63 ,25, $ 1.07 ,0,0,BX,0,
582,"DRESSING, TRNSPRNT, 4 X 4.5 (1 EA)",WOLFSON,MEDLINE,MSC2204H,EA, $ 1.29 ,1, $ 1.29 ,1,0,EA,0,
583,"DRESSING, TRNSPRNT, 4 X 4.5 (50/BX)",WOLFSON,SCHEIN,8760545,BX, $ 42.58 ,50, $ 0.85 ,0,0,BX,0,
584,"Dressing, Film Trans W/frm Delstr 4""x4.75"" (50/BX)",WOLFSON,MCKESSON,4986,BX, $ 35.16 ,50, $ 0.70 ,0,0,BX,0,
585,"Dressing, Xeroform Str 4""x4"" (25/BX) Kendal",WOLFSON,MCKESSON,8884433500,BX, $ 35.98 ,25, $ 1.44 ,0,0,BX,0,
586,"Dressing, Acrylic Sq 5""x5"" (5/BX, 6/CS) 3m",WOLFSON,MCKESSON,90802,BX, $ 27.10 ,5, $ 5.42 ,,0,BX,0,
587,"DRESSING, TEGADERM+PAD, 6 X 6 (1 EA)",WOLFSON,MEDLINE,MMM3588H,EA, $ 2.42 ,1, $ 2.42 ,1,0,EA,0,
588,"DRESSING, TEGADERM+PAD, 6 X 6 (5/BX)",WOLFSON,SCHEIN,7770157,BX, $ 27.26 ,5, $ 5.45 ,0,0,BX,0,
589,"DRESSING, TRNSPRNT, MATRIX, 6 X 8 (10/BX)",WOLFSON,MEDLINE,MSC2206Z, BX, $ 32.49 ,10, $ 3.25 ,,0, BX,0,
590,"FILTER, BACTERIA (3/BX)",WOLFSON,MEDLINE,B-F01903928,BX, $ 16.17 ,3, $ 5.39 ,0,0,BX,0,
591,"FILTER, BACTERIA (3/BX)",WOLFSON,SCHEIN,4985716,BX, $ 16.13 ,3, $ 5.38 ,1,0,BX,0,
592,"FILTER, BACTERIA (3/BX)",WOLFSON,MCKESSON,01-90-3928,EA, $ 5.59 ,1, $ 5.59 ,0,0,EA,0,
593,"FORCEP, TISSUE, 5 X 6 TEETH, 10' (1 EA) ",WOLFSON,MEDLINE,MDS6412024,EA, $ 26.98 ,1, $ 26.98 ,0,0,EA,0,
594,"FORCEP, TISSUE, 5 X 6 TEETH, 6' (1 EA) ",WOLFSON,SCHEIN,1006095,EA, $ 6.96 ,1, $ 6.96 ,1,0,EA,0,
595,"FORCEP, HEMO, STR, 5.5' (1 EA)",WOLFSON,MEDLINE,MDS1224014F,EA, $ 5.72 ,1, $ 5.72 ,0,0,EA,0,
596,"FORCEP, 5.5' (1 EA)",WOLFSON,SCHEIN,2883144,EA, $ 1.76 ,1, $ 1.76 ,1,0,EA,0,
597,"Hemostat, Kelly Strt 5 1/2"" (10/BX) Medact",WOLFSON,MCKESSON,56314,BX, $ 19.06 ,10, $ 1.91 ,,0,BX,0,
598,"HOLDER, NEEDLE, MAYO-HEGAR, TC, 5 (1 EA)",WOLFSON,SCHEIN,1045517,EA, $ 44.72 ,1, $ 44.72 ,1,0,EA,0,
599,"HOLDER, NEEDLE, MAYO-HEGAR, TC, 5 (1 EA)",WOLFSON,MCKESSON,43-1-843,EA, $ 56.50 ,1, $ 56.50 ,0,0,EA,0,
600,"HOLDER, NEEDLE, MAYO-HEGAR, TC, 5.5 (1 EA)",WOLFSON,MEDLINE,MDS2418414, EA, $ 41.87 ,1, $ 41.87 ,,0, EA,0,
601,"SCALPEL HOLDER, STERILE, BLUE (5/BX)",WOLFSON,MEDLINE,APO112001PBX,BX, $ 10.24 ,5, $ 2.05 ,0,0,BX,0,
602,"SCALPEL HOLDER, STERILE, BLUE (5/BX)",WOLFSON,SCHEIN,1240945,BX, $ 8.40 ,5, $ 1.68 ,1,0,BX,0,
603,"IMMOBILIZER, KNEE, FOAM, UNIVERSAL, 14 (1 EA)",WOLFSON,MEDLINE,ROY200130,EA,,1, $ -   ,,0,EA,0,DISCONTINUED
604,"IMMOBILIZER, KNEE, FOAM, UNIVERSAL, 14 (1 EA)",WOLFSON,SCHEIN,1200180,EA, $ 16.02 ,1, $ 16.02 ,,0,EA,0,
605,KNEE ARTHROSCOPY II (4/CS),WOLFSON,MEDLINE,DYNJS0802,CS, $ 185.97 ,4, $ 46.49 ,0,0,CS,0,
606,KNEE ARTHROSCOPY III-LF (2/CS),WOLFSON,MEDLINE,DYNJS0810,CS, $ 88.55 ,2, $ 44.28 ,0,0,CS,0,
607,KNEE ARTHROSCOPY IV (2/CS),WOLFSON,MEDLINE,DYNJS0811,CS, $ 87.23 ,2, $ 43.62 ,1,0,CS,0,
608,Arthroscopy Pack Knee Standard (3/CS),WOLFSON,SCHEIN,1266543,CS, $ 160.40 ,3, $ 53.47 ,0,0,CS,0,
609,Pack Arthroscopy IV Knee w/ Undercast Padding (2/CS),WOLFSON,SCHEIN,1116327,CS, $ 105.60 ,2, $ 52.80 ,0,0,CS,0,
610,Pack Arthroscopy Plus III Total Knee Standard 070 (2/CS),WOLFSON,SCHEIN,1242424,CS, $ 145.74 ,2, $ 72.87 ,0,0,CS,0,
611,"Knee Arthroscopy Pack, (3/CS)",WOLFSON,MCKESSON,SPP99KA2AA,CS, $ 231.02 ,3, $ 77.01 ,0,0,CS,0,
612,"Knee Arthroscopy Plus Ii Tray,(2/CS) Crdtry",WOLFSON,MCKESSON,SPP99KA1AA,CS, $ 135.44 ,2, $ 67.72 ,0,0,CS,0,
613,Stabilizer Knee Support Lg Neoprene Open Patella Hinge Black (1 EA),WOLFSON,SCHEIN,3720202,EA, $ 28.01 ,1, $ 28.01 ,,0,EA,0,
614,Stabilizer Knee Support Sm Neoprene Open Patella Hinge Black (1 EA),WOLFSON,SCHEIN,3720200,EA, $ 28.01 ,1, $ 28.01 ,,0,EA,0,
615,Stabilizer Knee Support XL Neoprene Open Patella Hinge Black (1 EA),WOLFSON,SCHEIN,7153414,EA, $ 28.01 ,1, $ 28.01 ,,0,EA,0,
616,"Knee Splint, 3panel Univ 14"" Djorth",WOLFSON,MCKESSON,79-80010,EA, $ 15.95 ,1, $ 15.95 ,,0,EA,0,
617,"Knee Stabilizer, Patella Hinged 2xlg Djorth",WOLFSON,MCKESSON,79-94489,EA, $ 29.66 ,1, $ 29.66 ,,0,EA,0,
618,"Knee Stabilizer, Patella Hinged Lg Djorth",WOLFSON,MCKESSON,79-94487,EA, $ 27.91 ,1, $ 27.91 ,1,0,EA,0,
619,"Knee Stabilizer, Patella Hinged Med Djorth",WOLFSON,MCKESSON,79-94485,EA, $ 27.91 ,1, $ 27.91 ,,0,EA,0,
620,"Knee Stabilizer, Patella Hinged Sm Djorth",WOLFSON,MCKESSON,79-94483,EA, $ 27.91 ,1, $ 27.91 ,,0,EA,0,
621,"Knee Stabilizer, Patella Hinged Xlg Djorth",WOLFSON,MCKESSON,79-94488,EA, $ 27.91 ,1, $ 27.91 ,1,0,EA,0,
622,"Machine, Suction Heavy Duty Drvmed",WOLFSON,MCKESSON,18600,EA, $ 169.83 ,1, $ 169.83 ,,0,EA,0,
623,"MARCAINE, 0.25% + EPI, 1:200000, MDV, 50 ML (1 EA)",WOLFSON,MEDLINE,0409-1752-50,EA, $ 11.38 ,1, $ 11.38 ,,1,EA,0,
624,"MARCAINE, 0.25% + EPI, 1:200000, SDV, 10 ML (10/BX)",WOLFSON,MEDLINE,0409-1746-10,BX, $ 75.97 ,10, $ 7.60 ,,0,BX,0,
625,"MAT, FLOOR, SUCTION, COLLECTS FLUID (10/BX)",WOLFSON,MEDLINE,K-C34500,BX, $ 289.38 ,10, $ 28.94 ,,0,BX,0,
626,"MAT, FLOOR, SUCTION, COLLECTS FLUID (10/BX)",WOLFSON,SCHEIN,1015904,BX, $ 241.18 ,10, $ 24.12 ,,0,BX,0,
627,"MAT, FLOOR, SUCTION, COLLECTS FLUID (10/BX)",WOLFSON,MCKESSON,34500,BX, $ 286.95 ,10, $ 28.70 ,,0,BX,0,
628,"NEEDLE, EPIDURAL, 17G X 3.5 TUOHY, (25/BX)",WOLFSON,MEDLINE,PAIN8001,BX, $ 89.88 ,25, $ 3.60 ,,0,BX,0,
629,"PADDING, CAST, 6 X 4 YD, NS (6/BX)",WOLFSON,MEDLINE,KDL3489Z,BX, $ 10.50 ,6, $ 1.75 ,,0,BX,0,
630,"PADDING, CAST, 6 X 4 YD, STERILE (6/BX)",WOLFSON,SCHEIN,9007026,BX, $ 2.82 ,6, $ 0.47 ,,0,BX,0,
631,"Wrap Coban LF Sterile Elastic 4""x5yd Self-Adherent Tan Roll (18/CS)",WOLFSON,SCHEIN,3028421,CS, $ 60.61 ,18, $ 3.37 ,,0,CS,0,
632,"RETRACTOR, SENN-MILLER, 6 3/8 (1 EA)",WOLFSON,MEDLINE,MDS1816315,EA, $ 12.35 ,1, $ 12.35 ,,0,EA,0,
633,"RETRACTOR, SENN-MILLER, 6 3/8 (1 EA)",WOLFSON,SCHEIN,1001499,EA, $ 8.63 ,1, $ 8.63 ,,0,EA,0,
634,"RETRACTOR, ALM, SHARP, 4:4, 10CM (1 EA)",WOLFSON,MEDLINE,MDS1862010,EA, $ 44.13 ,1, $ 44.13 ,,0,EA,0,
635,"RETRACTOR, ALM, SHARP, 4X4, 7CM (1 EA)",WOLFSON,MEDLINE,MDS1862007,EA, $ 38.20 ,1, $ 38.20 ,,0,EA,0,
636,"RETRACTOR, ALM, SHARP, 4X4, 7CM (1 EA)",WOLFSON,SCHEIN,1047432,EA, $ 14.24 ,1, $ 14.24 ,,0,EA,0,
637,"SCISSOR, METZENBAUM, BL/BL, CURVED, 8 (1 EA)",WOLFSON,MEDLINE,MDS0828120,EA, $ 15.24 ,1, $ 15.24 ,,0,EA,0,
638,"SCISSOR, METZENBAUM, BL/BL, CURVED, 8 (1 EA)",WOLFSON,SCHEIN,1048236,EA, $ 36.42 ,1, $ 36.42 ,,0,EA,0,
639,"SCISSOR, METZENBAUM, BL/BL, CURVED, 7 (1 EA)",WOLFSON,MCKESSON,43-1-340,EA, $ 23.27 ,1, $ 23.27 ,,0,EA,0,
640,"SCISSOR, METZENBAUM, FINE, BL/BL, CVD, 11 (1 EA)",WOLFSON,MEDLINE,MDS0828328,EA, $ 55.56 ,1, $ 55.56 ,,0,EA,0,
641,"SCISSOR, METZENBAUM, FINE, BL/BL, CVD, 11 (1 EA)",WOLFSON,SCHEIN,9530022,EA, $ 111.33 ,1, $ 111.33 ,,0,EA,0,
642,"SCISSOR, METZENBAUM, FINE, BL/BL, CVD, 11 (1 EA)",WOLFSON,MCKESSON,BR08-28128,EA, $ 104.55 ,1, $ 104.55 ,,0,EA,0,
643,"SOLUTION, SODIUM CHLORIDE, 0.9%, 2000 ML, IRRIGATION (1 EA)",WOLFSON,MEDLINE,BHL2B7126H,EA, $ 10.45 ,1, $ 10.45 ,,0,EA,0,
644,"SOLUTION, SODIUM CHLORIDE, 0.9%, 2000 ML, IRRIGATION (6/CS)",WOLFSON,SCHEIN,9349770,CS, $ 65.29 ,6, $ 10.88 ,,0,CS,0,
645,"SOLUTION, SODIUM CHLORIDE, 0.9%, 2000 ML, IRRIGATION (6/CS)",WOLFSON,MCKESSON,2B7126,CS, $ 30.75 ,6, $ 5.13 ,,0,CS,0,
646,"SOLUTION, SODIUM CHLORIDE, 0.9%, 3000 ML, IRRIGATION (4/CS)",WOLFSON,MEDLINE,BHL2B7127,CS, $ 57.54 ,4, $ 14.39 ,,0,CS,0,
647,"SOLUTION, SODIUM CHLORIDE, 0.9%, 3000 ML, IRRIGATION (4/CS)",WOLFSON,MEDLINE,BHL2B7477,CS, $ 56.98 ,4, $ 14.25 ,,0,CS,0,
648,"SOLUTION, SODIUM CHLORIDE, 0.9%, 3000 ML, IRRIGATION (4/CS)",WOLFSON,SCHEIN,1537020,CS, $ 59.31 ,4, $ 14.83 ,,0,CS,0,
649,"SOLUTION, SODIUM CHLORIDE, 0.9%, 3000 ML, IRRIGATION (4/CS)",WOLFSON,SCHEIN,1539626,CS, $ 58.96 ,4, $ 14.74 ,,0,CS,0,
650,"SOLUTION, SODIUM CHLORIDE, 0.9%, 3000 ML, IRRIGATION (4/CS)",WOLFSON,MCKESSON,2B7477,CS, $ 31.05 ,4, $ 7.76 ,,0,CS,0,
651,"SOLUTION, SODIUM CHLORIDE, 0.9%, 3000 ML, IRRIGATION (4/CS)",WOLFSON,MCKESSON,2B7127,CS, $ 28.50 ,4, $ 7.13 ,,0,CS,0,
652,"Betasept, Liq Surg Scrub 4% 16oz",WOLFSON,MCKESSON,67618020016,EA, $ 11.78 ,1, $ 11.78 ,,0,EA,0,
653,"SOLUTION, SCRUB-STAT 2%, 540 ML (1 EA)",WOLFSON,MEDLINE,HUN6030617H, EA, $ 5.73 ,1, $ 5.73 ,,0, EA,0,
654,"SOLUTION, SCRUB-STAT 2%, 540 ML (12/BX)",WOLFSON,SCHEIN,1201464,BX, $ 58.54 ,12, $ 4.88 ,,0,BX,0,
655,"STOCKINETTE, BIAS CUT, 4"" X 4 YDS, STERILE (1 EA)",WOLFSON,MEDLINE,NON22640H,EA, $ 2.43 ,1, $ 2.43 ,,0,EA,0,
656,"STOCKINETTE, BIAS CUT, 4"" X 4 YDS, STERILE (20/CS)",WOLFSON,SCHEIN,1105126,CS, $ 44.71 ,20, $ 2.24 ,,0,CS,0,
657,"STOCKINETTE, BIAS CUT, 4"" X 4 YDS, STERILE (20/CS)",WOLFSON,MCKESSON,457702,EA, $ 2.79 ,1, $ 2.79 ,,0,EA,0,
658,"STOCKINETTE, BIAS CUT, 6"" X 4 YDS, STERILE (20/CS)",WOLFSON,MEDLINE,NON22660,CS, $ 48.00 ,20, $ 2.40 ,,0,CS,0,
659,"STOCKINETTE, BIAS CUT, 6"" X 4 YDS, STERILE (20/CS)",WOLFSON,SCHEIN,1123749,CS, $ 52.85 ,20, $ 2.64 ,,0,CS,0,
660,"STOCKINETTE, BIAS CUT, 6"" X 4 YDS, STERILE (18/CS)",WOLFSON,MCKESSON,457703,EA, $ 3.41 ,1, $ 3.41 ,,0,EA,0,
661,"SUTURE, UND, BR, CT-2, 27' (36/BX)",WOLFSON,MEDLINE,ETHJ270H,BX, $ 177.76 ,36, $ 4.94 ,,0,BX,0,
662,"SUTURE, UND, BR, CT-2, 27' (36/BX)",WOLFSON,SCHEIN,6543781,BX, $ 69.18 ,36, $ 1.92 ,,0,BX,0,
663,"SUTURE, UND, BR, CT-2, 27' (36/BX)",WOLFSON,MCKESSON,J270H,BX, $ 151.15 ,36, $ 4.20 ,,0,BX,0,
664,"SUTURE, 2/0, UND, TIES, 54' (36/BX)",WOLFSON,MEDLINE,ETHJ607H,BX, $ 330.30 ,36, $ 9.18 ,,0,BX,0,
665,"SUTURE, 2/0, UND, TIES, 54' (36/BX)",WOLFSON,SCHEIN,6548604,BX, $ 72.65 ,36, $ 2.02 ,,0,BX,0,
666,"SUTURE, 2/0, UND, TIES, 54' (36/BX)",WOLFSON,MCKESSON,J607H,BX, $ 211.32 ,36, $ 5.87 ,,0,BX,0,
667,"SUTURE, 3/0, BK, MONO, NYL, 18' (12/BX)",WOLFSON,MEDLINE,SUS1294B,BX, $ 79.63 ,12, $ 6.64 ,,0,BX,0,
668,"SUTURE, 3/0, BK, MONO, NYL, 18' (12/BX)",WOLFSON,SCHEIN,5614613,BX, $ 69.88 ,12, $ 5.82 ,,0,BX,0,
669,"SUTURE, 3/0, BK, MONO, NYL, 18' (12/BX)",WOLFSON,MCKESSON,S663GX,BX, $ 23.08 ,12, $ 1.92 ,,0,BX,0,
670,"TRAY,SKIN SCRUB,DRY,2-32OZ BOWLS (24/CS)",WOLFSON,MEDLINE,DYND70250,CS, $ 41.12 ,24, $ 1.71 ,,0,CS,0,
671,"TRAY,SKIN SCRUB,DRY,PREMIUM (20/CS)",WOLFSON,MEDLINE,DYND70661,CS, $ 41.98 ,20, $ 2.10 ,,0,CS,0,
672,Tray Scrub Surgical E-Kits Dry (20/CS),WOLFSON,SCHEIN,1099457,CS, $ 97.59 ,20, $ 4.88 ,,0,CS,0,
673,Kit Scrub E f/ Dry Skin (24/CS),WOLFSON,SCHEIN,1209198,CS, $ 74.12 ,24, $ 3.09 ,,0,CS,0,
674,"INFUSOR, PRESSURE, 500ML (1 EA)",WOLFSON,MEDLINE,ZFNZIT500H,EA, $ 4.41 ,1, $ 4.41 ,,0,EA,0,
675,"INFUSOR,PRESSURE,1000ML (1 EA)",WOLFSON,MEDLINE,ZFNZIT1000H,EA, $ 4.41 ,1, $ 4.41 ,,0,EA,0,
676,"GOWN SLEEVES, STERILE (100/CS)",WOLFSON,SCHEIN,3063526,CS, $ 133.65 ,100, $ 1.34 ,,0,CS,0,
677,"GOWN SLEEVES, STERILE, (1 EA)",WOLFSON,MCKESSON,164209, EA , $ 0.92 ,1, $ 0.92 ,,0, EA ,0,
678,"PACK, HAND IV (3/CS)",WOLFSON,MEDLINE,DYNJS3066,CS, $ 4.41 ,3, $ 1.47 ,,0,CS,0,
679,LIDOCAINE 2% PF SDV 5 ML,GENERAL,MEDLINE,0409-2066-05 ,BX, $ 19.66 ,10, $ 1.97 ,,,,,